2024010105 UV_F     0    0   10.74
2024010106 UV_F     0    0   10.37
2024010107 UV_F     0    0    9.81
2024010108 UV_F     0    0    9.36
2024010109 UV_F     0    0    8.95
2024010110 UV_F     0    0    9.15
2024010111 UV_F     0    0    8.94
2024010112 UV_F     0    0    8.45
2024010113 UV_F     0    0    7.95
2024010114 UV_F     0    0    8.11
2024010115 UV_F     0    0    8.16
2024010116 UV_F     0    0    8.40
2024010117 UV_F     0    0    8.34
2024010118 UV_F     0    0    7.82
2024010119 UV_F     0    0    7.35
2024010120 UV_F     0    0    6.16
2024010121 UV_F     0    0    4.24
2024010122 UV_F     0    0    3.02
2024010123 UV_F     0    0    2.31
2024010200 UV_F     0    0    2.74
2024010201 UV_F     0    0    3.16
2024010202 UV_F     0    0    3.36
2024010203 UV_F     0    0    3.66
2024010204 UV_F     0    0    3.73
2024010205 UV_F     0    0    3.53
2024010206 UV_F     0    0    3.46
2024010207 UV_F     0    0    3.48
2024010208 UV_F     0    0    3.43
2024010209 UV_F     0    0    3.57
2024010210 UV_F     0    0    3.63
2024010211 UV_F     0    0    3.74
2024010212 UV_F     0    0    3.94
2024010213 UV_F     0    0    4.14
2024010214 UV_F     0    0    4.72
2024010215 UV_F     0    0    4.54
2024010216 UV_F     0    0    3.63
2024010217 UV_F     0    0    3.31
2024010218 UV_F     0    0    2.85
2024010219 UV_F     0    0    2.33
2024010220 UV_F     0    0    1.55
2024010221 UV_F     0    0    1.19
2024010222 UV_F     0    0    1.82
2024010223 UV_F     0    0    2.31
2024010300 UV_F     0    0    2.98
2024010301 UV_F     0    0    3.22
2024010302 UV_F     0    0    3.40
2024010303 UV_F     0    0    3.58
2024010304 UV_F     0    0    4.10
2024010305 UV_F     0    0    4.12
2024010306 UV_F     0    0    4.02
2024010307 UV_F     0    0    3.98
2024010308 UV_F     0    0    3.85
2024010309 UV_F     0    0    3.99
2024010310 UV_F     0    0    3.85
2024010311 UV_F     0    0    3.90
2024010312 UV_F     0    0    3.79
2024010313 UV_F     0    0    3.82
2024010314 UV_F     0    0    3.67
2024010315 UV_F     0    0    3.14
2024010316 UV_F     0    0    2.69
2024010317 UV_F     0    0    3.00
2024010318 UV_F     0    0    2.78
2024010319 UV_F     0    0    2.49
2024010320 UV_F     0    0    2.35
2024010321 UV_F     0    0    2.35
2024010322 UV_F     0    0    1.83
2024010323 UV_F     0    0    2.13
2024010400 UV_F     0    0    2.52
2024010401 UV_F     0    0    2.93
2024010402 UV_F     0    0    3.20
2024010403 UV_F     0    0    3.58
2024010404 UV_F     0    0    3.92
2024010405 UV_F     0    0    4.08
2024010406 UV_F     0    0    4.51
2024010407 UV_F     0    0    4.64
2024010408 UV_F     0    0    4.96
2024010409 UV_F     0    0    5.04
2024010410 UV_F     0    0    4.53
2024010411 UV_F     0    0    4.32
2024010412 UV_F     0    0    4.39
2024010413 UV_F     0    0    4.54
2024010414 UV_F     0    0    4.19
2024010415 UV_F     0    0    3.48
2024010416 UV_F     0    0    3.42
2024010417 UV_F     0    0    3.34
2024010418 UV_F     0    0    3.24
2024010419 UV_F     0    0    3.33
2024010420 UV_F     0    0    3.00
2024010421 UV_F     0    0    3.12
2024010422 UV_F     0    0    2.75
2024010423 UV_F     0    0    2.73
2024010500 UV_F     0    0    3.03
2024010501 UV_F     0    0    3.82
2024010502 UV_F     0    0    3.03
2024010503 UV_F     0    0    4.84
2024010504 UV_F     0    0    7.65
2024010505 UV_F     0    0    9.54
2024010506 UV_F     0    0   14.06
2024010507 UV_F     0    0   16.82
2024010508 UV_F     0    0   18.00
2024010509 UV_F     0    0   19.01
2024010510 UV_F     0    0   19.31
2024010511 UV_F     0    0   19.06
2024010512 UV_F     0    0   18.51
2024010513 UV_F     0    0   18.12
2024010514 UV_F     0    0   17.81
2024010515 UV_F     0    0   17.95
2024010516 UV_F     0    0   16.98
2024010517 UV_F     0    0   16.61
2024010518 UV_F     0    0   15.85
2024010519 UV_F     0    0   15.21
2024010520 UV_F     0    0   14.78
2024010521 UV_F     0    0   14.37
2024010522 UV_F     0    0   13.62
2024010523 UV_F     0    0   13.32
2024010600 UV_F     0    0   13.49
2024010601 UV_F     0    0   13.71
2024010602 UV_F     0    0   13.86
2024010603 UV_F     0    0   13.64
2024010604 UV_F     0    0   12.35
2024010605 UV_F     0    0   12.41
2024010606 UV_F     0    0   12.61
2024010607 UV_F     0    0   12.73
2024010608 UV_F     0    0   12.74
2024010609 UV_F     0    0   13.15
2024010610 UV_F     0    0   14.12
2024010611 UV_F     0    0   14.32
2024010612 UV_F     0    0   14.55
2024010613 UV_F     0    0   14.66
2024010614 UV_F     0    0   15.39
2024010615 UV_F     0    0   16.38
2024010616 UV_F     0    0   17.36
2024010617 UV_F     0    0   16.98
2024010618 UV_F     0    0   16.27
2024010619 UV_F     0    0   15.65
2024010620 UV_F     0    0   14.57
2024010621 UV_F     0    0   13.67
2024010622 UV_F     0    0   12.91
2024010623 UV_F     0    0   13.46
2024010700 UV_F     0    0   13.44
2024010701 UV_F     0    0   12.88
2024010702 UV_F     0    0   12.28
2024010703 UV_F     0    0   11.54
2024010704 UV_F     0    0   10.89
2024010705 UV_F     0    0   10.36
2024010706 UV_F     0    0    9.73
2024010707 UV_F     0    0    8.95
2024010708 UV_F     0    0    8.29
2024010709 UV_F     0    0    8.01
2024010710 UV_F     0    0    7.56
2024010711 UV_F     0    0    6.97
2024010712 UV_F     0    0    6.26
2024010713 UV_F     0    0    5.88
2024010714 UV_F     0    0    6.03
2024010715 UV_F     0    0    6.38
2024010716 UV_F     0    0    6.54
2024010717 UV_F     0    0    6.44
2024010718 UV_F     0    0    6.31
2024010719 UV_F     0    0    6.39
2024010720 UV_F     0    0    6.45
2024010721 UV_F     0    0    6.43
2024010722 UV_F     0    0    6.11
2024010723 UV_F     0    0    6.02
2024010800 UV_F     0    0    6.25
2024010801 UV_F     0    0    6.27
2024010802 UV_F     0    0    6.04
2024010803 UV_F     0    0    5.95
2024010804 UV_F     0    0    6.44
2024010805 UV_F     0    0    6.93
2024010806 UV_F     0    0    7.42
2024010807 UV_F     0    0    7.88
2024010808 UV_F     0    0    8.24
2024010809 UV_F     0    0    8.55
2024010810 UV_F     0    0    9.47
2024010811 UV_F     0    0    9.81
2024010812 UV_F     0    0   10.06
2024010813 UV_F     0    0   10.54
2024010814 UV_F     0    0   11.65
2024010815 UV_F     0    0   12.86
2024010816 UV_F     0    0   13.05
2024010817 UV_F     0    0   12.96
2024010818 UV_F     0    0   12.33
2024010819 UV_F     0    0   11.62
2024010820 UV_F     0    0   11.01
2024010821 UV_F     0    0   10.37
2024010822 UV_F     0    0   10.31
2024010823 UV_F     0    0   10.54
2024010900 UV_F     0    0   10.85
2024010901 UV_F     0    0   11.73
2024010902 UV_F     0    0   12.79
2024010903 UV_F     0    0   13.55
2024010904 UV_F     0    0   14.17
2024010905 UV_F     0    0   15.89
2024010906 UV_F     0    0   16.98
2024010907 UV_F     0    0   16.52
2024010908 UV_F     0    0   16.39
2024010909 UV_F     0    0   17.17
2024010910 UV_F     0    0   16.75
2024010911 UV_F     0    0   17.15
2024010912 UV_F     0    0   16.95
2024010913 UV_F     0    0   17.06
2024010914 UV_F     0    0   17.43
2024010915 UV_F     0    0   17.19
2024010916 UV_F     0    0   16.38
2024010917 UV_F     0    0   15.10
2024010918 UV_F     0    0   14.27
2024010919 UV_F     0    0   13.55
2024010920 UV_F     0    0   12.11
2024010921 UV_F     0    0   10.27
2024010922 UV_F     0    0    9.90
2024010923 UV_F     0    0    8.82
2024011000 UV_F     0    0    7.62
2024011001 UV_F     0    0    6.29
2024011002 UV_F     0    0    4.90
2024011003 UV_F     0    0    3.74
2024011004 UV_F     0    0    2.40
2024011005 UV_F     0    0    2.10
2024011006 UV_F     0    0    2.70
2024011007 UV_F     0    0    2.96
2024011008 UV_F     0    0    2.92
2024011009 UV_F     0    0    4.09
2024011010 UV_F     0    0    5.01
2024011011 UV_F     0    0    7.87
2024011012 UV_F     0    0   11.25
2024011013 UV_F     0    0   13.56
2024011014 UV_F     0    0   15.76
2024011015 UV_F     0    0   17.39
2024011016 UV_F     0    0   19.12
2024011017 UV_F     0    0   20.92
2024011018 UV_F     0    0   22.58
2024011019 UV_F     0    0   22.93
2024011020 UV_F     0    0   22.78
2024011021 UV_F     0    0   21.19
2024011022 UV_F     0    0   19.92
2024011023 UV_F     0    0   18.85
2024011100 UV_F     0    0   17.70
2024011101 UV_F     0    0   17.46
2024011102 UV_F     0    0   16.82
2024011103 UV_F     0    0   14.18
2024011104 UV_F     0    0    9.61
2024011105 UV_F     0    0    5.25
2024011106 UV_F     0    0    2.26
2024011107 UV_F     0    0    2.64
2024011108 UV_F     0    0    3.65
2024011109 UV_F     0    0    4.77
2024011110 UV_F     0    0    2.95
2024011111 UV_F     0    0    4.37
2024011112 UV_F     0    0    4.35
2024011113 UV_F     0    0    4.53
2024011114 UV_F     0    0    4.72
2024011115 UV_F     0    0    5.12
2024011116 UV_F     0    0    5.71
2024011117 UV_F     0    0    6.87
2024011118 UV_F     0    0    6.64
2024011119 UV_F     0    0    5.32
2024011120 UV_F     0    0    4.28
2024011121 UV_F     0    0    3.67
2024011122 UV_F     0    0    4.20
2024011123 UV_F     0    0    4.58
2024011200 UV_F     0    0    3.59
2024011201 UV_F     0    0    3.09
2024011202 UV_F     0    0    3.24
2024011203 UV_F     0    0    3.99
2024011204 UV_F     0    0    4.67
2024011205 UV_F     0    0    5.69
2024011206 UV_F     0    0    5.63
2024011207 UV_F     0    0    5.58
2024011208 UV_F     0    0    5.77
2024011209 UV_F     0    0    5.93
2024011210 UV_F     0    0    5.57
2024011211 UV_F     0    0    5.97
2024011212 UV_F     0    0    6.73
2024011213 UV_F     0    0    8.17
2024011214 UV_F     0    0    9.56
2024011215 UV_F     0    0   10.84
2024011216 UV_F     0    0   10.81
2024011217 UV_F     0    0   11.31
2024011218 UV_F     0    0   11.82
2024011219 UV_F     0    0   11.93
2024011220 UV_F     0    0   10.81
2024011221 UV_F     0    0    9.76
2024011222 UV_F     0    0    9.83
2024011223 UV_F     0    0    9.87
2024011300 UV_F     0    0   10.17
2024011301 UV_F     0    0   10.40
2024011302 UV_F     0    0    9.79
2024011303 UV_F     0    0    9.31
2024011304 UV_F     0    0    8.70
2024011305 UV_F     0    0    8.19
2024011306 UV_F     0    0    7.77
2024011307 UV_F     0    0    7.21
2024011308 UV_F     0    0    6.01
2024011309 UV_F     0    0    4.93
2024011310 UV_F     0    0    4.04
2024011311 UV_F     0    0    2.71
2024011312 UV_F     0    0    2.10
2024011313 UV_F     0    0    2.61
2024011314 UV_F     0    0    3.73
2024011315 UV_F     0    0    3.69
2024011316 UV_F     0    0    6.68
2024011317 UV_F     0    0    8.67
2024011318 UV_F     0    0    9.58
2024011319 UV_F     0    0   11.15
2024011320 UV_F     0    0   13.09
2024011321 UV_F     0    0   15.19
2024011322 UV_F     0    0   17.19
2024011323 UV_F     0    0   18.70
2024011400 UV_F     0    0   19.80
2024011401 UV_F     0    0   19.89
2024011402 UV_F     0    0   20.50
2024011403 UV_F     0    0   21.19
2024011404 UV_F     0    0   22.99
2024011405 UV_F     0    0   22.89
2024011406 UV_F     0    0   21.58
2024011407 UV_F     0    0   20.91
2024011408 UV_F     0    0   18.85
2024011409 UV_F     0    0   14.74
2024011410 UV_F     0    0    9.08
2024011411 UV_F     0    0    8.02
2024011412 UV_F     0    0    8.40
2024011413 UV_F     0    0    8.26
2024011414 UV_F     0    0    9.79
2024011415 UV_F     0    0   10.43
2024011416 UV_F     0    0   10.72
2024011417 UV_F     0    0   11.66
2024011418 UV_F     0    0   11.83
2024011419 UV_F     0    0   12.09
2024011420 UV_F     0    0   10.93
2024011421 UV_F     0    0    8.33
2024011422 UV_F     0    0    7.60
2024011423 UV_F     0    0    6.29
2024011500 UV_F     0    0    5.61
2024011501 UV_F     0    0    4.23
2024011502 UV_F     0    0    3.55
2024011503 UV_F     0    0    2.14
2024011504 UV_F     0    0    2.62
2024011505 UV_F     0    0    2.33
2024011506 UV_F     0    0    2.34
2024011507 UV_F     0    0    2.39
2024011508 UV_F     0    0    2.32
2024011509 UV_F     0    0    3.56
2024011510 UV_F     0    0    4.64
2024011511 UV_F     0    0    4.86
2024011512 UV_F     0    0    5.19
2024011513 UV_F     0    0    5.66
2024011514 UV_F     0    0    6.11
2024011515 UV_F     0    0    7.26
2024011516 UV_F     0    0    7.05
2024011517 UV_F     0    0    6.59
2024011518 UV_F     0    0    5.43
2024011519 UV_F     0    0    4.41
2024011520 UV_F     0    0    3.74
2024011521 UV_F     0    0    2.73
2024011522 UV_F     0    0    3.55
2024011523 UV_F     0    0    4.10
2024011600 UV_F     0    0    4.02
2024011601 UV_F     0    0    3.81
2024011602 UV_F     0    0    3.74
2024011603 UV_F     0    0    3.81
2024011604 UV_F     0    0    4.24
2024011605 UV_F     0    0    3.89
2024011606 UV_F     0    0    3.64
2024011607 UV_F     0    0    3.40
2024011608 UV_F     0    0    3.10
2024011609 UV_F     0    0    3.04
2024011610 UV_F     0    0    3.79
2024011611 UV_F     0    0    4.34
2024011612 UV_F     0    0    4.71
2024011613 UV_F     0    0    5.21
2024011614 UV_F     0    0    5.17
2024011615 UV_F     0    0    5.04
2024011616 UV_F     0    0    5.24
2024011617 UV_F     0    0    5.45
2024011618 UV_F     0    0    5.10
2024011619 UV_F     0    0    4.91
2024011620 UV_F     0    0    4.13
2024011621 UV_F     0    0    3.23
2024011622 UV_F     0    0    2.82
2024011623 UV_F     0    0    4.53
2024011700 UV_F     0    0    7.88
2024011701 UV_F     0    0   12.12
2024011702 UV_F     0    0   14.46
2024011703 UV_F     0    0   16.86
2024011704 UV_F     0    0   19.21
2024011705 UV_F     0    0   21.08
2024011706 UV_F     0    0   21.56
2024011707 UV_F     0    0   21.91
2024011708 UV_F     0    0   20.69
2024011709 UV_F     0    0   18.48
2024011710 UV_F     0    0   13.98
2024011711 UV_F     0    0   14.22
2024011712 UV_F     0    0   14.96
2024011713 UV_F     0    0   18.72
2024011714 UV_F     0    0   17.68
2024011715 UV_F     0    0   17.70
2024011716 UV_F     0    0   18.33
2024011717 UV_F     0    0   17.86
2024011718 UV_F     0    0   17.55
2024011719 UV_F     0    0   17.69
2024011720 UV_F     0    0   17.98
2024011721 UV_F     0    0   17.02
2024011722 UV_F     0    0   14.89
2024011723 UV_F     0    0   13.69
2024011800 UV_F     0    0   11.86
2024011801 UV_F     0    0   11.85
2024011802 UV_F     0    0   11.76
2024011803 UV_F     0    0   11.82
2024011804 UV_F     0    0   11.05
2024011805 UV_F     0    0   11.12
2024011806 UV_F     0    0   10.50
2024011807 UV_F     0    0   10.94
2024011808 UV_F     0    0   11.79
2024011809 UV_F     0    0   12.32
2024011810 UV_F     0    0   11.59
2024011811 UV_F     0    0   11.96
2024011812 UV_F     0    0   12.55
2024011813 UV_F     0    0   13.81
2024011814 UV_F     0    0   14.84
2024011815 UV_F     0    0   15.37
2024011816 UV_F     0    0   15.00
2024011817 UV_F     0    0   15.22
2024011818 UV_F     0    0   15.21
2024011819 UV_F     0    0   15.09
2024011820 UV_F     0    0   14.65
2024011821 UV_F     0    0   14.10
2024011822 UV_F     0    0   14.58
2024011823 UV_F     0    0   15.01
2024011900 UV_F     0    0   15.09
2024011901 UV_F     0    0   15.25
2024011902 UV_F     0    0   15.56
2024011903 UV_F     0    0   15.30
2024011904 UV_F     0    0   15.00
2024011905 UV_F     0    0   14.38
2024011906 UV_F     0    0   14.13
2024011907 UV_F     0    0   14.23
2024011908 UV_F     0    0   14.58
2024011909 UV_F     0    0   14.39
2024011910 UV_F     0    0   14.36
2024011911 UV_F     0    0   14.67
2024011912 UV_F     0    0   15.02
2024011913 UV_F     0    0   15.57
2024011914 UV_F     0    0   15.65
2024011915 UV_F     0    0   15.73
2024011916 UV_F     0    0   14.66
2024011917 UV_F     0    0   14.98
2024011918 UV_F     0    0   14.70
2024011919 UV_F     0    0   14.20
2024011920 UV_F     0    0   13.60
2024011921 UV_F     0    0   13.09
2024011922 UV_F     0    0   11.82
2024011923 UV_F     0    0   11.53
2024012000 UV_F     0    0   11.38
2024012001 UV_F     0    0   11.57
2024012002 UV_F     0    0   12.00
2024012003 UV_F     0    0   12.05
2024012004 UV_F     0    0   11.08
2024012005 UV_F     0    0   10.44
2024012006 UV_F     0    0    9.39
2024012007 UV_F     0    0    9.61
2024012008 UV_F     0    0    9.34
2024012009 UV_F     0    0    9.12
2024012010 UV_F     0    0    9.07
2024012011 UV_F     0    0    8.80
2024012012 UV_F     0    0    8.52
2024012013 UV_F     0    0    8.52
2024012014 UV_F     0    0    8.91
2024012015 UV_F     0    0    9.12
2024012016 UV_F     0    0   10.22
2024012017 UV_F     0    0   10.29
2024012018 UV_F     0    0    9.93
2024012019 UV_F     0    0    9.31
2024012020 UV_F     0    0    8.67
2024012021 UV_F     0    0    8.20
2024012022 UV_F     0    0    7.61
2024012023 UV_F     0    0    7.59
2024012100 UV_F     0    0    7.43
2024012101 UV_F     0    0    7.08
2024012102 UV_F     0    0    6.74
2024012103 UV_F     0    0    6.52
2024012104 UV_F     0    0    5.60
2024012105 UV_F     0    0    4.95
2024012106 UV_F     0    0    4.64
2024012107 UV_F     0    0    4.73
2024012108 UV_F     0    0    5.03
2024012109 UV_F     0    0    5.32
2024012110 UV_F     0    0    5.65
2024012111 UV_F     0    0    5.93
2024012112 UV_F     0    0    6.24
2024012113 UV_F     0    0    6.16
2024012114 UV_F     0    0    6.70
2024012115 UV_F     0    0    7.16
2024012116 UV_F     0    0    8.68
2024012117 UV_F     0    0   10.04
2024012118 UV_F     0    0   10.63
2024012119 UV_F     0    0   10.35
2024012120 UV_F     0    0   10.13
2024012121 UV_F     0    0    9.79
2024012122 UV_F     0    0    9.05
2024012123 UV_F     0    0    9.62
2024012200 UV_F     0    0   10.56
2024012201 UV_F     0    0   11.44
2024012202 UV_F     0    0   12.42
2024012203 UV_F     0    0   12.77
2024012204 UV_F     0    0   13.05
2024012205 UV_F     0    0   12.50
2024012206 UV_F     0    0   11.23
2024012207 UV_F     0    0    9.97
2024012208 UV_F     0    0    8.90
2024012209 UV_F     0    0    7.91
2024012210 UV_F     0    0    7.36
2024012211 UV_F     0    0    6.28
2024012212 UV_F     0    0    4.55
2024012213 UV_F     0    0    3.32
2024012214 UV_F     0    0    2.39
2024012215 UV_F     0    0    2.61
2024012216 UV_F     0    0    2.58
2024012217 UV_F     0    0    2.90
2024012218 UV_F     0    0    2.81
2024012219 UV_F     0    0    3.77
2024012220 UV_F     0    0    4.24
2024012221 UV_F     0    0    4.40
2024012222 UV_F     0    0    4.98
2024012223 UV_F     0    0    5.40
2024012300 UV_F     0    0    5.77
2024012301 UV_F     0    0    5.70
2024012302 UV_F     0    0    5.45
2024012303 UV_F     0    0    5.34
2024012304 UV_F     0    0    6.07
2024012305 UV_F     0    0    5.84
2024012306 UV_F     0    0    5.42
2024012307 UV_F     0    0    5.11
2024012308 UV_F     0    0    4.76
2024012309 UV_F     0    0    4.54
2024012310 UV_F     0    0    8.61
2024012311 UV_F     0    0   17.17
2024012312 UV_F     0    0   20.48
2024012313 UV_F     0    0   21.60
2024012314 UV_F     0    0   22.86
2024012315 UV_F     0    0   23.16
2024012316 UV_F     0    0   22.92
2024012317 UV_F     0    0   22.44
2024012318 UV_F     0    0   21.79
2024012319 UV_F     0    0   21.09
2024012320 UV_F     0    0   20.03
2024012321 UV_F     0    0   18.66
2024012322 UV_F     0    0   18.85
2024012323 UV_F     0    0   19.09
2024012400 UV_F     0    0   19.26
2024012401 UV_F     0    0   18.58
2024012402 UV_F     0    0   17.56
2024012403 UV_F     0    0   16.38
2024012404 UV_F     0    0   14.98
2024012405 UV_F     0    0   14.02
2024012406 UV_F     0    0   12.81
2024012407 UV_F     0    0   11.34
2024012408 UV_F     0    0   10.02
2024012409 UV_F     0    0    9.18
2024012410 UV_F     0    0    8.49
2024012411 UV_F     0    0    7.32
2024012412 UV_F     0    0    6.06
2024012413 UV_F     0    0    5.08
2024012414 UV_F     0    0    4.14
2024012415 UV_F     0    0    3.69
2024012416 UV_F     0    0    4.58
2024012417 UV_F     0    0    4.80
2024012418 UV_F     0    0    5.30
2024012419 UV_F     0    0    6.28
2024012420 UV_F     0    0    6.94
2024012421 UV_F     0    0    6.51
2024012422 UV_F     0    0    6.88
2024012423 UV_F     0    0    7.36
2024012500 UV_F     0    0    8.02
2024012501 UV_F     0    0    7.93
2024012502 UV_F     0    0    7.66
2024012503 UV_F     0    0    7.55
2024012504 UV_F     0    0    7.28
2024012505 UV_F     0    0    7.33
2024012506 UV_F     0    0    7.58
2024012507 UV_F     0    0    6.74
2024012508 UV_F     0    0    5.62
2024012509 UV_F     0    0    5.33
2024012510 UV_F     0    0    5.20
2024012511 UV_F     0    0    3.86
2024012512 UV_F     0    0    4.30
2024012513 UV_F     0    0    7.67
2024012514 UV_F     0    0   10.67
2024012515 UV_F     0    0   13.81
2024012516 UV_F     0    0   16.33
2024012517 UV_F     0    0   16.73
2024012518 UV_F     0    0   15.92
2024012519 UV_F     0    0   14.90
2024012520 UV_F     0    0   13.80
2024012521 UV_F     0    0   11.92
2024012522 UV_F     0    0    8.24
2024012523 UV_F     0    0    6.23
2024012600 UV_F     0    0    4.68
2024012601 UV_F     0    0    3.56
2024012602 UV_F     0    0    2.30
2024012603 UV_F     0    0    1.55
2024012604 UV_F     0    0    2.18
2024012605 UV_F     0    0    2.31
2024012606 UV_F     0    0    2.86
2024012607 UV_F     0    0    3.62
2024012608 UV_F     0    0    4.10
2024012609 UV_F     0    0    4.60
2024012610 UV_F     0    0    4.60
2024012611 UV_F     0    0    4.70
2024012612 UV_F     0    0    5.22
2024012613 UV_F     0    0    5.83
2024012614 UV_F     0    0    6.15
2024012615 UV_F     0    0    7.00
2024012616 UV_F     0    0    5.79
2024012617 UV_F     0    0    5.27
2024012618 UV_F     0    0    4.68
2024012619 UV_F     0    0    3.85
2024012620 UV_F     0    0    2.84
2024012621 UV_F     0    0    2.69
2024012622 UV_F     0    0    2.67
2024012623 UV_F     0    0    2.33
2024012700 UV_F     0    0    2.11
2024012701 UV_F     0    0    2.47
2024012702 UV_F     0    0    2.75
2024012703 UV_F     0    0    3.07
2024012704 UV_F     0    0    3.34
2024012705 UV_F     0    0    3.89
2024012706 UV_F     0    0    4.26
2024012707 UV_F     0    0    4.28
2024012708 UV_F     0    0    4.12
2024012709 UV_F     0    0    3.80
2024012710 UV_F     0    0    3.65
2024012711 UV_F     0    0    3.72
2024012712 UV_F     0    0    3.89
2024012713 UV_F     0    0    3.79
2024012714 UV_F     0    0    3.36
2024012715 UV_F     0    0    3.75
2024012716 UV_F     0    0    4.43
2024012717 UV_F     0    0    3.86
2024012718 UV_F     0    0    3.50
2024012719 UV_F     0    0    3.02
2024012720 UV_F     0    0    2.60
2024012721 UV_F     0    0    2.24
2024012722 UV_F     0    0    2.32
2024012723 UV_F     0    0    2.44
2024012800 UV_F     0    0    3.28
2024012801 UV_F     0    0    3.72
2024012802 UV_F     0    0    3.91
2024012803 UV_F     0    0    4.24
2024012804 UV_F     0    0    4.89
2024012805 UV_F     0    0    4.90
2024012806 UV_F     0    0    4.72
2024012807 UV_F     0    0    4.28
2024012808 UV_F     0    0    4.35
2024012809 UV_F     0    0    4.35
2024012810 UV_F     0    0    4.38
2024012811 UV_F     0    0    4.50
2024012812 UV_F     0    0    4.43
2024012813 UV_F     0    0    4.68
2024012814 UV_F     0    0    5.25
2024012815 UV_F     0    0    6.22
2024012816 UV_F     0    0    5.48
2024012817 UV_F     0    0    5.86
2024012818 UV_F     0    0    5.49
2024012819 UV_F     0    0    5.71
2024012820 UV_F     0    0    5.66
2024012821 UV_F     0    0    5.70
2024012822 UV_F     0    0    5.22
2024012823 UV_F     0    0    5.12
2024012900 UV_F     0    0    4.86
2024012901 UV_F     0    0    4.77
2024012902 UV_F     0    0    5.34
2024012903 UV_F     0    0    6.50
2024012904 UV_F     0    0    8.35
2024012905 UV_F     0    0    9.68
2024012906 UV_F     0    0   11.83
2024012907 UV_F     0    0   11.89
2024012908 UV_F     0    0   11.92
2024012909 UV_F     0    0   11.70
2024012910 UV_F     0    0   10.94
2024012911 UV_F     0    0   10.97
2024012912 UV_F     0    0   10.97
2024012913 UV_F     0    0   11.32
2024012914 UV_F     0    0   11.83
2024012915 UV_F     0    0   12.19
2024012916 UV_F     0    0   11.79
2024012917 UV_F     0    0   11.51
2024012918 UV_F     0    0   11.20
2024012919 UV_F     0    0   11.06
2024012920 UV_F     0    0   10.82
2024012921 UV_F     0    0   10.46
2024012922 UV_F     0    0   10.15
2024012923 UV_F     0    0   10.66
2024013000 UV_F     0    0   10.85
2024013001 UV_F     0    0   10.42
2024013002 UV_F     0    0    9.84
2024013003 UV_F     0    0    9.04
2024013004 UV_F     0    0    7.77
2024013005 UV_F     0    0    7.15
2024013006 UV_F     0    0    6.69
2024013007 UV_F     0    0    6.43
2024013008 UV_F     0    0    6.22
2024013009 UV_F     0    0    6.02
2024013010 UV_F     0    0    5.85
2024013011 UV_F     0    0    5.34
2024013012 UV_F     0    0    4.77
2024013013 UV_F     0    0    4.63
2024013014 UV_F     0    0    4.49
2024013015 UV_F     0    0    3.72
2024013016 UV_F     0    0    3.33
2024013017 UV_F     0    0    3.41
2024013018 UV_F     0    0    3.36
2024013019 UV_F     0    0    3.23
2024013020 UV_F     0    0    2.85
2024013021 UV_F     0    0    2.35
2024013022 UV_F     0    0    2.56
2024013023 UV_F     0    0    2.94
2024013100 UV_F     0    0    3.35
2024013101 UV_F     0    0    3.70
2024013102 UV_F     0    0    4.31
2024013103 UV_F     0    0    5.24
2024013104 UV_F     0    0    5.49
2024013105 UV_F     0    0    5.74
2024013106 UV_F     0    0    5.84
2024013107 UV_F     0    0    5.84
2024013108 UV_F     0    0    5.26
2024013109 UV_F     0    0    5.01
2024013110 UV_F     0    0    4.48
2024013111 UV_F     0    0    4.58
2024013112 UV_F     0    0    4.90
2024013113 UV_F     0    0    5.33
2024013114 UV_F     0    0    4.99
2024013115 UV_F     0    0    4.03
2024013116 UV_F     0    0    4.30
2024013117 UV_F     0    0    3.64
2024013118 UV_F     0    0    3.07
2024013119 UV_F     0    0    2.97
2024013120 UV_F     0    0    2.78
2024013121 UV_F     0    0    2.81
2024013122 UV_F     0    0    1.72
2024013123 UV_F     0    0    2.05
2024020100 UV_F     0    0    2.37
2024020101 UV_F     0    0    2.45
2024020102 UV_F     0    0    2.79
2024020103 UV_F     0    0    3.02
2024020104 UV_F     0    0    3.14
2024020105 UV_F     0    0    4.10
2024020106 UV_F     0    0    5.62
2024020107 UV_F     0    0    6.45
2024020108 UV_F     0    0    6.73
2024020109 UV_F     0    0    7.85
2024020110 UV_F     0    0    8.34
2024020111 UV_F     0    0    8.05
2024020112 UV_F     0    0    7.65
2024020113 UV_F     0    0    7.24
2024020114 UV_F     0    0    7.29
2024020115 UV_F     0    0    7.51
2024020116 UV_F     0    0    6.96
2024020117 UV_F     0    0    6.46
2024020118 UV_F     0    0    6.16
2024020119 UV_F     0    0    5.80
2024020120 UV_F     0    0    5.57
2024020121 UV_F     0    0    5.41
2024020122 UV_F     0    0    5.23
2024020123 UV_F     0    0    5.36
2024020200 UV_F     0    0    5.57
2024020201 UV_F     0    0    6.17
2024020202 UV_F     0    0    6.87
2024020203 UV_F     0    0    7.20
2024020204 UV_F     0    0    6.23
2024020205 UV_F     0    0    6.22
2024020206 UV_F     0    0    6.22
2024020207 UV_F     0    0    6.20
2024020208 UV_F     0    0    6.35
2024020209 UV_F     0    0    7.13
2024020210 UV_F     0    0    7.18
2024020211 UV_F     0    0    7.46
2024020212 UV_F     0    0    7.68
2024020213 UV_F     0    0    8.38
2024020214 UV_F     0    0    8.93
2024020215 UV_F     0    0    8.72
2024020216 UV_F     0    0    8.02
2024020217 UV_F     0    0    7.75
2024020218 UV_F     0    0    7.24
2024020219 UV_F     0    0    6.95
2024020220 UV_F     0    0    6.95
2024020221 UV_F     0    0    6.67
2024020222 UV_F     0    0    6.08
2024020223 UV_F     0    0    6.22
2024020300 UV_F     0    0    5.99
2024020301 UV_F     0    0    5.57
2024020302 UV_F     0    0    5.03
2024020303 UV_F     0    0    4.54
2024020304 UV_F     0    0    4.10
2024020305 UV_F     0    0    3.78
2024020306 UV_F     0    0    3.75
2024020307 UV_F     0    0    3.76
2024020308 UV_F     0    0    3.87
2024020309 UV_F     0    0    4.07
2024020310 UV_F     0    0    5.00
2024020311 UV_F     0    0    5.27
2024020312 UV_F     0    0    5.48
2024020313 UV_F     0    0    5.77
2024020314 UV_F     0    0    7.00
2024020315 UV_F     0    0    7.72
2024020316 UV_F     0    0    8.31
2024020317 UV_F     0    0    9.00
2024020318 UV_F     0    0    9.57
2024020319 UV_F     0    0   10.03
2024020320 UV_F     0    0    9.89
2024020321 UV_F     0    0    9.29
2024020322 UV_F     0    0    8.79
2024020323 UV_F     0    0    8.79
2024020400 UV_F     0    0    8.51
2024020401 UV_F     0    0    8.35
2024020402 UV_F     0    0    8.23
2024020403 UV_F     0    0    8.18
2024020404 UV_F     0    0    7.36
2024020405 UV_F     0    0    7.65
2024020406 UV_F     0    0    7.90
2024020407 UV_F     0    0    8.71
2024020408 UV_F     0    0    9.55
2024020409 UV_F     0    0    9.79
2024020410 UV_F     0    0    9.36
2024020411 UV_F     0    0    9.55
2024020412 UV_F     0    0    9.47
2024020413 UV_F     0    0    9.98
2024020414 UV_F     0    0   10.88
2024020415 UV_F     0    0   11.66
2024020416 UV_F     0    0   11.99
2024020417 UV_F     0    0   12.44
2024020418 UV_F     0    0   12.36
2024020419 UV_F     0    0   12.36
2024020420 UV_F     0    0   12.46
2024020421 UV_F     0    0   12.30
2024020422 UV_F     0    0   12.02
2024020423 UV_F     0    0   12.84
2024020500 UV_F     0    0   12.84
2024020501 UV_F     0    0   12.88
2024020502 UV_F     0    0   12.89
2024020503 UV_F     0    0   13.02
2024020504 UV_F     0    0   12.70
2024020505 UV_F     0    0   12.79
2024020506 UV_F     0    0   13.28
2024020507 UV_F     0    0   13.40
2024020508 UV_F     0    0   13.10
2024020509 UV_F     0    0   12.89
2024020510 UV_F     0    0   12.95
2024020511 UV_F     0    0   12.96
2024020512 UV_F     0    0   12.96
2024020513 UV_F     0    0   13.16
2024020514 UV_F     0    0   13.30
2024020515 UV_F     0    0   13.29
2024020516 UV_F     0    0   13.60
2024020517 UV_F     0    0   13.81
2024020518 UV_F     0    0   13.81
2024020519 UV_F     0    0   13.43
2024020520 UV_F     0    0   12.94
2024020521 UV_F     0    0   12.53
2024020522 UV_F     0    0   12.65
2024020523 UV_F     0    0   12.49
2024020600 UV_F     0    0   12.39
2024020601 UV_F     0    0   12.18
2024020602 UV_F     0    0   11.82
2024020603 UV_F     0    0   11.49
2024020604 UV_F     0    0   11.65
2024020605 UV_F     0    0   11.29
2024020606 UV_F     0    0   10.93
2024020607 UV_F     0    0   10.88
2024020608 UV_F     0    0   10.74
2024020609 UV_F     0    0   10.21
2024020610 UV_F     0    0    9.25
2024020611 UV_F     0    0    8.72
2024020612 UV_F     0    0    8.35
2024020613 UV_F     0    0    8.57
2024020614 UV_F     0    0    8.75
2024020615 UV_F     0    0    8.77
2024020616 UV_F     0    0    8.14
2024020617 UV_F     0    0    8.12
2024020618 UV_F     0    0    8.00
2024020619 UV_F     0    0    7.80
2024020620 UV_F     0    0    7.57
2024020621 UV_F     0    0    6.61
2024020622 UV_F     0    0    5.59
2024020623 UV_F     0    0    4.84
2024020700 UV_F     0    0    4.30
2024020701 UV_F     0    0    3.95
2024020702 UV_F     0    0    3.66
2024020703 UV_F     0    0    3.53
2024020704 UV_F     0    0    3.18
2024020705 UV_F     0    0    3.11
2024020706 UV_F     0    0    3.15
2024020707 UV_F     0    0    3.18
2024020708 UV_F     0    0    3.11
2024020709 UV_F     0    0    3.04
2024020710 UV_F     0    0    3.20
2024020711 UV_F     0    0    3.26
2024020712 UV_F     0    0    3.24
2024020713 UV_F     0    0    3.11
2024020714 UV_F     0    0    2.70
2024020715 UV_F     0    0    3.03
2024020716 UV_F     0    0    2.73
2024020717 UV_F     0    0    3.24
2024020718 UV_F     0    0    3.35
2024020719 UV_F     0    0    3.16
2024020720 UV_F     0    0    3.02
2024020721 UV_F     0    0    2.75
2024020722 UV_F     0    0    2.56
2024020723 UV_F     0    0    2.60
2024020800 UV_F     0    0    2.93
2024020801 UV_F     0    0    2.86
2024020802 UV_F     0    0    2.68
2024020803 UV_F     0    0    2.58
2024020804 UV_F     0    0    2.55
2024020805 UV_F     0    0    2.66
2024020806 UV_F     0    0    2.80
2024020807 UV_F     0    0    2.78
2024020808 UV_F     0    0    2.73
2024020809 UV_F     0    0    2.76
2024020810 UV_F     0    0    3.10
2024020811 UV_F     0    0    3.06
2024020812 UV_F     0    0    3.18
2024020813 UV_F     0    0    3.30
2024020814 UV_F     0    0    3.39
2024020815 UV_F     0    0    4.46
2024020816 UV_F     0    0    4.20
2024020817 UV_F     0    0    3.85
2024020818 UV_F     0    0    3.53
2024020819 UV_F     0    0    3.45
2024020820 UV_F     0    0    3.27
2024020821 UV_F     0    0    2.81
2024020822 UV_F     0    0    2.08
2024020823 UV_F     0    0    1.78
2024020900 UV_F     0    0    1.98
2024020901 UV_F     0    0    2.42
2024020902 UV_F     0    0    2.56
2024020903 UV_F     0    0    2.71
2024020904 UV_F     0    0    2.50
2024020905 UV_F     0    0    2.41
2024020906 UV_F     0    0    2.65
2024020907 UV_F     0    0    2.70
2024020908 UV_F     0    0    2.58
2024020909 UV_F     0    0    2.46
2024020910 UV_F     0    0    3.37
2024020911 UV_F     0    0    2.87
2024020912 UV_F     0    0    2.62
2024020913 UV_F     0    0    2.73
2024020914 UV_F     0    0    2.55
2024020915 UV_F     0    0    2.53
2024020916 UV_F     0    0    4.75
2024020917 UV_F     0    0    4.90
2024020918 UV_F     0    0    4.98
2024020919 UV_F     0    0    5.11
2024020920 UV_F     0    0    5.12
2024020921 UV_F     0    0    4.88
2024020922 UV_F     0    0    4.76
2024020923 UV_F     0    0    5.78
2024021000 UV_F     0    0    6.21
2024021001 UV_F     0    0    6.31
2024021002 UV_F     0    0    6.69
2024021003 UV_F     0    0    6.48
2024021004 UV_F     0    0    6.57
2024021005 UV_F     0    0    6.39
2024021006 UV_F     0    0    5.43
2024021007 UV_F     0    0    4.37
2024021008 UV_F     0    0    4.26
2024021009 UV_F     0    0    4.77
2024021010 UV_F     0    0    5.07
2024021011 UV_F     0    0    5.60
2024021012 UV_F     0    0    5.75
2024021013 UV_F     0    0    6.03
2024021014 UV_F     0    0    6.47
2024021015 UV_F     0    0    5.90
2024021016 UV_F     0    0    5.50
2024021017 UV_F     0    0    5.55
2024021018 UV_F     0    0    5.84
2024021019 UV_F     0    0    6.49
2024021020 UV_F     0    0    6.82
2024021021 UV_F     0    0    6.41
2024021022 UV_F     0    0    5.67
2024021023 UV_F     0    0    5.41
2024021100 UV_F     0    0    5.01
2024021101 UV_F     0    0    4.40
2024021102 UV_F     0    0    3.87
2024021103 UV_F     0    0    3.55
2024021104 UV_F     0    0    3.16
2024021105 UV_F     0    0    2.75
2024021106 UV_F     0    0    2.99
2024021107 UV_F     0    0    3.22
2024021108 UV_F     0    0    3.21
2024021109 UV_F     0    0    3.47
2024021110 UV_F     0    0    3.95
2024021111 UV_F     0    0    3.75
2024021112 UV_F     0    0    3.37
2024021113 UV_F     0    0    3.32
2024021114 UV_F     0    0    3.32
2024021115 UV_F     0    0    4.15
2024021116 UV_F     0    0    3.49
2024021117 UV_F     0    0    5.27
2024021118 UV_F     0    0    7.13
2024021119 UV_F     0    0    8.05
2024021120 UV_F     0    0    8.07
2024021121 UV_F     0    0    7.81
2024021122 UV_F     0    0    6.76
2024021123 UV_F     0    0    6.87
2024021200 UV_F     0    0    7.12
2024021201 UV_F     0    0    7.27
2024021202 UV_F     0    0    7.85
2024021203 UV_F     0    0    8.46
2024021204 UV_F     0    0    6.80
2024021205 UV_F     0    0    7.82
2024021206 UV_F     0    0    8.86
2024021207 UV_F     0    0    8.97
2024021208 UV_F     0    0    9.04
2024021209 UV_F     0    0    8.89
2024021210 UV_F     0    0    8.57
2024021211 UV_F     0    0    8.00
2024021212 UV_F     0    0    7.77
2024021213 UV_F     0    0    8.89
2024021214 UV_F     0    0   10.13
2024021215 UV_F     0    0   10.47
2024021216 UV_F     0    0   10.44
2024021217 UV_F     0    0   10.27
2024021218 UV_F     0    0    9.90
2024021219 UV_F     0    0    9.30
2024021220 UV_F     0    0    8.83
2024021221 UV_F     0    0    8.16
2024021222 UV_F     0    0    8.18
2024021223 UV_F     0    0    7.64
2024021300 UV_F     0    0    6.82
2024021301 UV_F     0    0    6.45
2024021302 UV_F     0    0    6.35
2024021303 UV_F     0    0    6.73
2024021304 UV_F     0    0    5.86
2024021305 UV_F     0    0    5.93
2024021306 UV_F     0    0    5.72
2024021307 UV_F     0    0    5.72
2024021308 UV_F     0    0    5.39
2024021309 UV_F     0    0    5.26
2024021310 UV_F     0    0    5.97
2024021311 UV_F     0    0    6.99
2024021312 UV_F     0    0    7.67
2024021313 UV_F     0    0    8.61
2024021314 UV_F     0    0    9.59
2024021315 UV_F     0    0   10.20
2024021316 UV_F     0    0    9.44
2024021317 UV_F     0    0    8.64
2024021318 UV_F     0    0    7.95
2024021319 UV_F     0    0    8.33
2024021320 UV_F     0    0    9.19
2024021321 UV_F     0    0    9.07
2024021322 UV_F     0    0    8.39
2024021323 UV_F     0    0    8.22
2024021400 UV_F     0    0    8.06
2024021401 UV_F     0    0    8.17
2024021402 UV_F     0    0    9.31
2024021403 UV_F     0    0   10.38
2024021404 UV_F     0    0    8.33
2024021405 UV_F     0    0    8.73
2024021406 UV_F     0    0    9.01
2024021407 UV_F     0    0    9.29
2024021408 UV_F     0    0    9.61
2024021409 UV_F     0    0   10.67
2024021410 UV_F     0    0   10.18
2024021411 UV_F     0    0   10.60
2024021412 UV_F     0    0   10.52
2024021413 UV_F     0    0   10.75
2024021414 UV_F     0    0   11.50
2024021415 UV_F     0    0   12.21
2024021416 UV_F     0    0   11.80
2024021417 UV_F     0    0   12.82
2024021418 UV_F     0    0   13.46
2024021419 UV_F     0    0   12.77
2024021420 UV_F     0    0   12.80
2024021421 UV_F     0    0   13.16
2024021422 UV_F     0    0   14.27
2024021423 UV_F     0    0   14.22
2024021500 UV_F     0    0   14.18
2024021501 UV_F     0    0   14.55
2024021502 UV_F     0    0   14.68
2024021503 UV_F     0    0   15.34
2024021504 UV_F     0    0   15.11
2024021505 UV_F     0    0   15.96
2024021506 UV_F     0    0   16.62
2024021507 UV_F     0    0   17.34
2024021508 UV_F     0    0   17.98
2024021509 UV_F     0    0   18.61
2024021510 UV_F     0    0   18.53
2024021511 UV_F     0    0   18.93
2024021512 UV_F     0    0   19.16
2024021513 UV_F     0    0   19.34
2024021514 UV_F     0    0   19.50
2024021515 UV_F     0    0   19.82
2024021516 UV_F     0    0   19.60
2024021517 UV_F     0    0   19.88
2024021518 UV_F     0    0   19.94
2024021519 UV_F     0    0   19.74
2024021520 UV_F     0    0   19.67
2024021521 UV_F     0    0   19.72
2024021522 UV_F     0    0   18.88
2024021523 UV_F     0    0   18.17
2024021600 UV_F     0    0   17.35
2024021601 UV_F     0    0   16.41
2024021602 UV_F     0    0   15.62
2024021603 UV_F     0    0   14.88
2024021604 UV_F     0    0   13.06
2024021605 UV_F     0    0   12.42
2024021606 UV_F     0    0   12.09
2024021607 UV_F     0    0   12.06
2024021608 UV_F     0    0   11.81
2024021609 UV_F     0    0   11.26
2024021610 UV_F     0    0    9.72
2024021611 UV_F     0    0    9.31
2024021612 UV_F     0    0    9.35
2024021613 UV_F     0    0   10.59
2024021614 UV_F     0    0   11.22
2024021615 UV_F     0    0   11.48
2024021616 UV_F     0    0   11.21
2024021617 UV_F     0    0   12.10
2024021618 UV_F     0    0   12.63
2024021619 UV_F     0    0   13.05
2024021620 UV_F     0    0   13.39
2024021621 UV_F     0    0   13.30
2024021622 UV_F     0    0   12.82
2024021623 UV_F     0    0   13.10
2024021700 UV_F     0    0   13.35
2024021701 UV_F     0    0   12.71
2024021702 UV_F     0    0   12.08
2024021703 UV_F     0    0   12.16
2024021704 UV_F     0    0   11.97
2024021705 UV_F     0    0   12.41
2024021706 UV_F     0    0   12.46
2024021707 UV_F     0    0   12.36
2024021708 UV_F     0    0   12.18
2024021709 UV_F     0    0   11.60
2024021710 UV_F     0    0    9.76
2024021711 UV_F     0    0    9.55
2024021712 UV_F     0    0    9.39
2024021713 UV_F     0    0    9.44
2024021714 UV_F     0    0    9.10
2024021715 UV_F     0    0    8.67
2024021716 UV_F     0    0    7.53
2024021717 UV_F     0    0    7.55
2024021718 UV_F     0    0    7.05
2024021719 UV_F     0    0    7.06
2024021720 UV_F     0    0    6.92
2024021721 UV_F     0    0    6.34
2024021722 UV_F     0    0    4.46
2024021723 UV_F     0    0    3.69
2024021800 UV_F     0    0    3.58
2024021801 UV_F     0    0    3.70
2024021802 UV_F     0    0    3.93
2024021803 UV_F     0    0    4.31
2024021804 UV_F     0    0    3.84
2024021805 UV_F     0    0    4.50
2024021806 UV_F     0    0    5.14
2024021807 UV_F     0    0    5.75
2024021808 UV_F     0    0    6.34
2024021809 UV_F     0    0    6.77
2024021810 UV_F     0    0    6.34
2024021811 UV_F     0    0    7.62
2024021812 UV_F     0    0    9.42
2024021813 UV_F     0    0   12.00
2024021814 UV_F     0    0   11.95
2024021815 UV_F     0    0   11.44
2024021816 UV_F     0    0   10.35
2024021817 UV_F     0    0   10.05
2024021818 UV_F     0    0    9.81
2024021819 UV_F     0    0    9.81
2024021820 UV_F     0    0    9.20
2024021821 UV_F     0    0    7.91
2024021822 UV_F     0    0    6.41
2024021823 UV_F     0    0    6.19
2024021900 UV_F     0    0    6.05
2024021901 UV_F     0    0    5.24
2024021902 UV_F     0    0    3.99
2024021903 UV_F     0    0    3.66
2024021904 UV_F     0    0    4.53
2024021905 UV_F     0    0    4.09
2024021906 UV_F     0    0    3.50
2024021907 UV_F     0    0    2.96
2024021908 UV_F     0    0    3.02
2024021909 UV_F     0    0    2.87
2024021910 UV_F     0    0    3.14
2024021911 UV_F     0    0    2.55
2024021912 UV_F     0    0    2.66
2024021913 UV_F     0    0    3.41
2024021914 UV_F     0    0    5.60
2024021915 UV_F     0    0    9.10
2024021916 UV_F     0    0   10.95
2024021917 UV_F     0    0   12.68
2024021918 UV_F     0    0   13.06
2024021919 UV_F     0    0   13.79
2024021920 UV_F     0    0   14.07
2024021921 UV_F     0    0   12.99
2024021922 UV_F     0    0   10.53
2024021923 UV_F     0    0   10.61
2024022000 UV_F     0    0   10.86
2024022001 UV_F     0    0   12.08
2024022002 UV_F     0    0   13.85
2024022003 UV_F     0    0   14.54
2024022004 UV_F     0    0   14.67
2024022005 UV_F     0    0   14.34
2024022006 UV_F     0    0   13.78
2024022007 UV_F     0    0   13.11
2024022008 UV_F     0    0   12.51
2024022009 UV_F     0    0   12.08
2024022010 UV_F     0    0   12.24
2024022011 UV_F     0    0   13.01
2024022012 UV_F     0    0   13.59
2024022013 UV_F     0    0   14.93
2024022014 UV_F     0    0   15.47
2024022015 UV_F     0    0   15.68
2024022016 UV_F     0    0   15.93
2024022017 UV_F     0    0   15.71
2024022018 UV_F     0    0   15.39
2024022019 UV_F     0    0   15.03
2024022020 UV_F     0    0   14.48
2024022021 UV_F     0    0   13.37
2024022022 UV_F     0    0   12.42
2024022023 UV_F     0    0   12.52
2024022100 UV_F     0    0   12.79
2024022101 UV_F     0    0   12.86
2024022102 UV_F     0    0   12.43
2024022103 UV_F     0    0   11.40
2024022104 UV_F     0    0    9.85
2024022105 UV_F     0    0    9.24
2024022106 UV_F     0    0    8.57
2024022107 UV_F     0    0    7.57
2024022108 UV_F     0    0    6.19
2024022109 UV_F     0    0    4.67
2024022110 UV_F     0    0    3.56
2024022111 UV_F     0    0    3.28
2024022112 UV_F     0    0    3.85
2024022113 UV_F     0    0    4.60
2024022114 UV_F     0    0    4.50
2024022115 UV_F     0    0    4.98
2024022116 UV_F     0    0    7.34
2024022117 UV_F     0    0    8.69
2024022118 UV_F     0    0    8.82
2024022119 UV_F     0    0    8.15
2024022120 UV_F     0    0    7.39
2024022121 UV_F     0    0    6.49
2024022122 UV_F     0    0    8.37
2024022123 UV_F     0    0    9.02
2024022200 UV_F     0    0   10.64
2024022201 UV_F     0    0   11.22
2024022202 UV_F     0    0   10.82
2024022203 UV_F     0    0    9.81
2024022204 UV_F     0    0   10.14
2024022205 UV_F     0    0    9.68
2024022206 UV_F     0    0    9.22
2024022207 UV_F     0    0    8.90
2024022208 UV_F     0    0    8.83
2024022209 UV_F     0    0    8.92
2024022210 UV_F     0    0    8.86
2024022211 UV_F     0    0    9.30
2024022212 UV_F     0    0    9.65
2024022213 UV_F     0    0   10.02
2024022214 UV_F     0    0    9.41
2024022215 UV_F     0    0    9.38
2024022216 UV_F     0    0    9.07
2024022217 UV_F     0    0    9.38
2024022218 UV_F     0    0    9.20
2024022219 UV_F     0    0    8.81
2024022220 UV_F     0    0    8.48
2024022221 UV_F     0    0    8.21
2024022222 UV_F     0    0    7.47
2024022223 UV_F     0    0    6.92
2024022300 UV_F     0    0    6.76
2024022301 UV_F     0    0    6.84
2024022302 UV_F     0    0    6.27
2024022303 UV_F     0    0    5.83
2024022304 UV_F     0    0    5.86
2024022305 UV_F     0    0    5.60
2024022306 UV_F     0    0    4.85
2024022307 UV_F     0    0    4.25
2024022308 UV_F     0    0    4.20
2024022309 UV_F     0    0    4.28
2024022310 UV_F     0    0    4.16
2024022311 UV_F     0    0    4.30
2024022312 UV_F     0    0    4.74
2024022313 UV_F     0    0    4.94
2024022314 UV_F     0    0    5.75
2024022315 UV_F     0    0    5.77
2024022316 UV_F     0    0    6.44
2024022317 UV_F     0    0    6.90
2024022318 UV_F     0    0    7.24
2024022319 UV_F     0    0    7.51
2024022320 UV_F     0    0    7.88
2024022321 UV_F     0    0    7.54
2024022322 UV_F     0    0    7.10
2024022323 UV_F     0    0    6.92
2024022400 UV_F     0    0    6.62
2024022401 UV_F     0    0    6.29
2024022402 UV_F     0    0    5.74
2024022403 UV_F     0    0    5.21
2024022404 UV_F     0    0    5.24
2024022405 UV_F     0    0    4.36
2024022406 UV_F     0    0    3.60
2024022407 UV_F     0    0    3.65
2024022408 UV_F     0    0    7.21
2024022409 UV_F     0    0   10.39
2024022410 UV_F     0    0   12.01
2024022411 UV_F     0    0   13.85
2024022412 UV_F     0    0   14.55
2024022413 UV_F     0    0   15.00
2024022414 UV_F     0    0   15.97
2024022415 UV_F     0    0   16.61
2024022416 UV_F     0    0   15.85
2024022417 UV_F     0    0   16.49
2024022418 UV_F     0    0   17.39
2024022419 UV_F     0    0   18.39
2024022420 UV_F     0    0   19.05
2024022421 UV_F     0    0   18.61
2024022422 UV_F     0    0   19.12
2024022423 UV_F     0    0   19.55
2024022500 UV_F     0    0   19.51
2024022501 UV_F     0    0   19.20
2024022502 UV_F     0    0   18.46
2024022503 UV_F     0    0   17.57
2024022504 UV_F     0    0   16.34
2024022505 UV_F     0    0   16.16
2024022506 UV_F     0    0   15.66
2024022507 UV_F     0    0   15.25
2024022508 UV_F     0    0   15.46
2024022509 UV_F     0    0   15.41
2024022510 UV_F     0    0   14.99
2024022511 UV_F     0    0   14.56
2024022512 UV_F     0    0   14.02
2024022513 UV_F     0    0   13.35
2024022514 UV_F     0    0   12.48
2024022515 UV_F     0    0   11.43
2024022516 UV_F     0    0   10.97
2024022517 UV_F     0    0    9.68
2024022518 UV_F     0    0    7.92
2024022519 UV_F     0    0    5.67
2024022520 UV_F     0    0    3.50
2024022521 UV_F     0    0    3.89
2024022522 UV_F     0    0    2.94
2024022523 UV_F     0    0    3.73
2024022600 UV_F     0    0    4.28
2024022601 UV_F     0    0    5.79
2024022602 UV_F     0    0    6.38
2024022603 UV_F     0    0    5.47
2024022604 UV_F     0    0    6.04
2024022605 UV_F     0    0    6.16
2024022606 UV_F     0    0    6.30
2024022607 UV_F     0    0    6.49
2024022608 UV_F     0    0    7.17
2024022609 UV_F     0    0    7.68
2024022610 UV_F     0    0    7.14
2024022611 UV_F     0    0    7.08
2024022612 UV_F     0    0    7.57
2024022613 UV_F     0    0    7.87
2024022614 UV_F     0    0    8.47
2024022615 UV_F     0    0    7.67
2024022616 UV_F     0    0    7.49
2024022617 UV_F     0    0    7.71
2024022618 UV_F     0    0    7.70
2024022619 UV_F     0    0    7.47
2024022620 UV_F     0    0    7.26
2024022621 UV_F     0    0    6.44
2024022622 UV_F     0    0    6.19
2024022623 UV_F     0    0    5.88
2024022700 UV_F     0    0    5.79
2024022701 UV_F     0    0    5.65
2024022702 UV_F     0    0    5.88
2024022703 UV_F     0    0    7.41
2024022704 UV_F     0    0    7.23
2024022705 UV_F     0    0    7.53
2024022706 UV_F     0    0    8.61
2024022707 UV_F     0    0    9.18
2024022708 UV_F     0    0    9.06
2024022709 UV_F     0    0    8.33
2024022710 UV_F     0    0    6.38
2024022711 UV_F     0    0    4.95
2024022712 UV_F     0    0    4.06
2024022713 UV_F     0    0    3.32
2024022714 UV_F     0    0    3.05
2024022715 UV_F     0    0    2.94
2024022716 UV_F     0    0    3.39
2024022717 UV_F     0    0    4.59
2024022718 UV_F     0    0    5.50
2024022719 UV_F     0    0    6.17
2024022720 UV_F     0    0    6.38
2024022721 UV_F     0    0    7.03
2024022722 UV_F     0    0    6.60
2024022723 UV_F     0    0    6.17
2024022800 UV_F     0    0    5.66
2024022801 UV_F     0    0    5.00
2024022802 UV_F     0    0    4.86
2024022803 UV_F     0    0    5.70
2024022804 UV_F     0    0    6.24
2024022805 UV_F     0    0    8.36
2024022806 UV_F     0    0   10.85
2024022807 UV_F     0    0   11.92
2024022808 UV_F     0    0   12.53
2024022809 UV_F     0    0   12.82
2024022810 UV_F     0    0   13.31
2024022811 UV_F     0    0   13.85
2024022812 UV_F     0    0   13.80
2024022813 UV_F     0    0   14.38
2024022814 UV_F     0    0   14.85
2024022815 UV_F     0    0   15.69
2024022816 UV_F     0    0   17.88
2024022817 UV_F     0    0   17.41
2024022818 UV_F     0    0   16.96
2024022819 UV_F     0    0   17.10
2024022820 UV_F     0    0   17.64
2024022821 UV_F     0    0   18.25
2024022822 UV_F     0    0   16.89
2024022823 UV_F     0    0   18.35
2024022900 UV_F     0    0   18.62
2024022901 UV_F     0    0   18.15
2024022902 UV_F     0    0   18.15
2024022903 UV_F     0    0   18.70
2024022904 UV_F     0    0   20.01
2024022905 UV_F     0    0   19.82
2024022906 UV_F     0    0   20.17
2024022907 UV_F     0    0   19.30
2024022908 UV_F     0    0   18.00
2024022909 UV_F     0    0   14.58
2024022910 UV_F     0    0    8.76
2024022911 UV_F     0    0    5.58
2024022912 UV_F     0    0   10.27
2024022913 UV_F     0    0   11.46
2024022914 UV_F     0    0   14.20
2024022915 UV_F     0    0   15.72
2024022916 UV_F     0    0   15.99
2024022917 UV_F     0    0   16.03
2024022918 UV_F     0    0   16.14
2024022919 UV_F     0    0   16.09
2024022920 UV_F     0    0   15.54
2024022921 UV_F     0    0   14.55
2024022922 UV_F     0    0   11.66
2024022923 UV_F     0    0   11.21
2024030100 UV_F     0    0   11.22
2024030101 UV_F     0    0   11.79
2024030102 UV_F     0    0   12.45
2024030103 UV_F     0    0   12.93
2024030104 UV_F     0    0   12.93
2024030105 UV_F     0    0   13.01
2024030106 UV_F     0    0   12.86
2024030107 UV_F     0    0   12.55
2024030108 UV_F     0    0   12.21
2024030109 UV_F     0    0   11.76
2024030110 UV_F     0    0   12.07
2024030111 UV_F     0    0   11.70
2024030112 UV_F     0    0   12.29
2024030113 UV_F     0    0   12.96
2024030114 UV_F     0    0   13.31
2024030115 UV_F     0    0   13.14
2024030116 UV_F     0    0   13.22
2024030117 UV_F     0    0   13.19
2024030118 UV_F     0    0   12.93
2024030119 UV_F     0    0   12.75
2024030120 UV_F     0    0   12.73
2024030121 UV_F     0    0   12.19
2024030122 UV_F     0    0   10.93
2024030123 UV_F     0    0   10.56
2024030200 UV_F     0    0   10.45
2024030201 UV_F     0    0   10.08
2024030202 UV_F     0    0    9.32
2024030203 UV_F     0    0    8.71
2024030204 UV_F     0    0    8.12
2024030205 UV_F     0    0    7.93
2024030206 UV_F     0    0    7.38
2024030207 UV_F     0    0    6.00
2024030208 UV_F     0    0    4.35
2024030209 UV_F     0    0    3.17
2024030210 UV_F     0    0    4.43
2024030211 UV_F     0    0    5.01
2024030212 UV_F     0    0    5.70
2024030213 UV_F     0    0    5.39
2024030214 UV_F     0    0    5.43
2024030215 UV_F     0    0    5.70
2024030216 UV_F     0    0    6.61
2024030217 UV_F     0    0    7.03
2024030218 UV_F     0    0    7.64
2024030219 UV_F     0    0    7.95
2024030220 UV_F     0    0    8.15
2024030221 UV_F     0    0    7.32
2024030222 UV_F     0    0    6.44
2024030223 UV_F     0    0    6.74
2024030300 UV_F     0    0    7.11
2024030301 UV_F     0    0    7.25
2024030302 UV_F     0    0    6.83
2024030303 UV_F     0    0    6.73
2024030304 UV_F     0    0    7.47
2024030305 UV_F     0    0    7.29
2024030306 UV_F     0    0    7.03
2024030307 UV_F     0    0    6.28
2024030308 UV_F     0    0    5.93
2024030309 UV_F     0    0    5.61
2024030310 UV_F     0    0    5.82
2024030311 UV_F     0    0    5.56
2024030312 UV_F     0    0    5.46
2024030313 UV_F     0    0    5.83
2024030314 UV_F     0    0    5.19
2024030315 UV_F     0    0    4.75
2024030316 UV_F     0    0    6.69
2024030317 UV_F     0    0    7.57
2024030318 UV_F     0    0    7.90
2024030319 UV_F     0    0    7.52
2024030320 UV_F     0    0    7.14
2024030321 UV_F     0    0    6.62
2024030322 UV_F     0    0    5.19
2024030323 UV_F     0    0    6.15
2024030400 UV_F     0    0    6.71
2024030401 UV_F     0    0    8.45
2024030402 UV_F     0    0    9.63
2024030403 UV_F     0    0    8.48
2024030404 UV_F     0    0    8.16
2024030405 UV_F     0    0    8.20
2024030406 UV_F     0    0    8.57
2024030407 UV_F     0    0    9.41
2024030408 UV_F     0    0    9.41
2024030409 UV_F     0    0    8.54
2024030410 UV_F     0    0    7.25
2024030411 UV_F     0    0    5.77
2024030412 UV_F     0    0    4.94
2024030413 UV_F     0    0    5.75
2024030414 UV_F     0    0    5.19
2024030415 UV_F     0    0    4.86
2024030416 UV_F     0    0    4.09
2024030417 UV_F     0    0    3.53
2024030418 UV_F     0    0    3.96
2024030419 UV_F     0    0    5.74
2024030420 UV_F     0    0    7.35
2024030421 UV_F     0    0    7.83
2024030422 UV_F     0    0    6.57
2024030423 UV_F     0    0    5.55
2024030500 UV_F     0    0    5.75
2024030501 UV_F     0    0    5.77
2024030502 UV_F     0    0    5.81
2024030503 UV_F     0    0    6.59
2024030504 UV_F     0    0    7.55
2024030505 UV_F     0    0    8.22
2024030506 UV_F     0    0    8.82
2024030507 UV_F     0    0    9.02
2024030508 UV_F     0    0    9.29
2024030509 UV_F     0    0    9.49
2024030510 UV_F     0    0    9.91
2024030511 UV_F     0    0   10.09
2024030512 UV_F     0    0   10.13
2024030513 UV_F     0    0   10.38
2024030514 UV_F     0    0    9.80
2024030515 UV_F     0    0    9.72
2024030516 UV_F     0    0    9.37
2024030517 UV_F     0    0   10.90
2024030518 UV_F     0    0   11.92
2024030519 UV_F     0    0   11.87
2024030520 UV_F     0    0   10.90
2024030521 UV_F     0    0    9.50
2024030522 UV_F     0    0    7.49
2024030523 UV_F     0    0    7.07
2024030600 UV_F     0    0    6.87
2024030601 UV_F     0    0    6.34
2024030602 UV_F     0    0    6.25
2024030603 UV_F     0    0    6.61
2024030604 UV_F     0    0    6.85
2024030605 UV_F     0    0    6.27
2024030606 UV_F     0    0    5.51
2024030607 UV_F     0    0    5.05
2024030608 UV_F     0    0    4.62
2024030609 UV_F     0    0    4.23
2024030610 UV_F     0    0    4.84
2024030611 UV_F     0    0    5.20
2024030612 UV_F     0    0    5.90
2024030613 UV_F     0    0    8.08
2024030614 UV_F     0    0    8.85
2024030615 UV_F     0    0   10.76
2024030616 UV_F     0    0   12.03
2024030617 UV_F     0    0   11.85
2024030618 UV_F     0    0   11.86
2024030619 UV_F     0    0   12.10
2024030620 UV_F     0    0   11.67
2024030621 UV_F     0    0   10.95
2024030622 UV_F     0    0    9.36
2024030623 UV_F     0    0    8.40
2024030700 UV_F     0    0    8.26
2024030701 UV_F     0    0    7.19
2024030702 UV_F     0    0    4.95
2024030703 UV_F     0    0    4.73
2024030704 UV_F     0    0    5.01
2024030705 UV_F     0    0    5.34
2024030706 UV_F     0    0    5.67
2024030707 UV_F     0    0    5.62
2024030708 UV_F     0    0    5.23
2024030709 UV_F     0    0    4.81
2024030710 UV_F     0    0    4.49
2024030711 UV_F     0    0    5.10
2024030712 UV_F     0    0    5.81
2024030713 UV_F     0    0    6.38
2024030714 UV_F     0    0    7.12
2024030715 UV_F     0    0    7.15
2024030716 UV_F     0    0    6.66
2024030717 UV_F     0    0    6.41
2024030718 UV_F     0    0    6.46
2024030719 UV_F     0    0    6.90
2024030720 UV_F     0    0    7.07
2024030721 UV_F     0    0    7.15
2024030722 UV_F     0    0    6.89
2024030723 UV_F     0    0    5.86
2024030800 UV_F     0    0    5.37
2024030801 UV_F     0    0    5.13
2024030802 UV_F     0    0    5.32
2024030803 UV_F     0    0    5.67
2024030804 UV_F     0    0    5.53
2024030805 UV_F     0    0    5.69
2024030806 UV_F     0    0    5.77
2024030807 UV_F     0    0    5.75
2024030808 UV_F     0    0    5.99
2024030809 UV_F     0    0    6.69
2024030810 UV_F     0    0    6.74
2024030811 UV_F     0    0    7.10
2024030812 UV_F     0    0    7.88
2024030813 UV_F     0    0    8.65
2024030814 UV_F     0    0    8.51
2024030815 UV_F     0    0    8.50
2024030816 UV_F     0    0    8.22
2024030817 UV_F     0    0    8.35
2024030818 UV_F     0    0    8.37
2024030819 UV_F     0    0    8.13
2024030820 UV_F     0    0    7.76
2024030821 UV_F     0    0    7.10
2024030822 UV_F     0    0    5.39
2024030823 UV_F     0    0    4.60
2024030900 UV_F     0    0    3.28
2024030901 UV_F     0    0    2.11
2024030902 UV_F     0    0    1.65
2024030903 UV_F     0    0    1.63
2024030904 UV_F     0    0    1.58
2024030905 UV_F     0    0    1.66
2024030906 UV_F     0    0    1.93
2024030907 UV_F     0    0    2.11
2024030908 UV_F     0    0    2.17
2024030909 UV_F     0    0    2.40
2024030910 UV_F     0    0    3.19
2024030911 UV_F     0    0    3.68
2024030912 UV_F     0    0    4.54
2024030913 UV_F     0    0    4.37
2024030914 UV_F     0    0    5.63
2024030915 UV_F     0    0    7.56
2024030916 UV_F     0    0    8.72
2024030917 UV_F     0    0    9.12
2024030918 UV_F     0    0    9.33
2024030919 UV_F     0    0    9.81
2024030920 UV_F     0    0    9.61
2024030921 UV_F     0    0    8.86
2024030922 UV_F     0    0    7.19
2024030923 UV_F     0    0    5.97
2024031000 UV_F     0    0    5.82
2024031001 UV_F     0    0    6.09
2024031002 UV_F     0    0    6.55
2024031003 UV_F     0    0    6.86
2024031004 UV_F     0    0    6.99
2024031005 UV_F     0    0    7.00
2024031006 UV_F     0    0    6.65
2024031007 UV_F     0    0    6.14
2024031008 UV_F     0    0    5.92
2024031009 UV_F     0    0    6.38
2024031010 UV_F     0    0    6.81
2024031011 UV_F     0    0    6.75
2024031012 UV_F     0    0    7.50
2024031013 UV_F     0    0    8.26
2024031014 UV_F     0    0    9.14
2024031015 UV_F     0    0   10.72
2024031016 UV_F     0    0   11.61
2024031017 UV_F     0    0   12.33
2024031018 UV_F     0    0   13.49
2024031019 UV_F     0    0   13.88
2024031020 UV_F     0    0   14.36
2024031021 UV_F     0    0   14.36
2024031022 UV_F     0    0   15.89
2024031023 UV_F     0    0   16.38
2024031100 UV_F     0    0   16.76
2024031101 UV_F     0    0   17.18
2024031102 UV_F     0    0   17.32
2024031103 UV_F     0    0   17.11
2024031104 UV_F     0    0   18.22
2024031105 UV_F     0    0   17.94
2024031106 UV_F     0    0   17.85
2024031107 UV_F     0    0   18.06
2024031108 UV_F     0    0   17.94
2024031109 UV_F     0    0   18.05
2024031110 UV_F     0    0   19.82
2024031111 UV_F     0    0   20.40
2024031112 UV_F     0    0   20.06
2024031113 UV_F     0    0   18.85
2024031114 UV_F     0    0   17.89
2024031115 UV_F     0    0   16.92
2024031116 UV_F     0    0   17.24
2024031117 UV_F     0    0   17.20
2024031118 UV_F     0    0   16.77
2024031119 UV_F     0    0   15.54
2024031120 UV_F     0    0   14.09
2024031121 UV_F     0    0   12.67
2024031122 UV_F     0    0   11.36
2024031123 UV_F     0    0   10.82
2024031200 UV_F     0    0   11.03
2024031201 UV_F     0    0    9.92
2024031202 UV_F     0    0    9.19
2024031203 UV_F     0    0    8.68
2024031204 UV_F     0    0    8.70
2024031205 UV_F     0    0   10.16
2024031206 UV_F     0    0   10.73
2024031207 UV_F     0    0   11.46
2024031208 UV_F     0    0   12.06
2024031209 UV_F     0    0   12.77
2024031210 UV_F     0    0   12.40
2024031211 UV_F     0    0   12.58
2024031212 UV_F     0    0   12.95
2024031213 UV_F     0    0   13.48
2024031214 UV_F     0    0   13.80
2024031215 UV_F     0    0   14.10
2024031216 UV_F     0    0   14.10
2024031217 UV_F     0    0   14.48
2024031218 UV_F     0    0   14.14
2024031219 UV_F     0    0   13.46
2024031220 UV_F     0    0   13.09
2024031221 UV_F     0    0   12.87
2024031222 UV_F     0    0   12.38
2024031223 UV_F     0    0   12.24
2024031300 UV_F     0    0   11.96
2024031301 UV_F     0    0   11.99
2024031302 UV_F     0    0   11.48
2024031303 UV_F     0    0   11.07
2024031304 UV_F     0    0   10.91
2024031305 UV_F     0    0   10.52
2024031306 UV_F     0    0   10.13
2024031307 UV_F     0    0    9.78
2024031308 UV_F     0    0    9.36
2024031309 UV_F     0    0    8.73
2024031310 UV_F     0    0    8.49
2024031311 UV_F     0    0    8.37
2024031312 UV_F     0    0    8.35
2024031313 UV_F     0    0    8.28
2024031314 UV_F     0    0    7.96
2024031315 UV_F     0    0    7.41
2024031316 UV_F     0    0    7.74
2024031317 UV_F     0    0    7.33
2024031318 UV_F     0    0    6.76
2024031319 UV_F     0    0    5.88
2024031320 UV_F     0    0    5.30
2024031321 UV_F     0    0    5.28
2024031322 UV_F     0    0    4.98
2024031323 UV_F     0    0    4.44
2024031400 UV_F     0    0    3.65
2024031401 UV_F     0    0    3.54
2024031402 UV_F     0    0    3.63
2024031403 UV_F     0    0    3.56
2024031404 UV_F     0    0    3.19
2024031405 UV_F     0    0    2.62
2024031406 UV_F     0    0    1.80
2024031407 UV_F     0    0    1.23
2024031408 UV_F     0    0    1.57
2024031409 UV_F     0    0    2.62
2024031410 UV_F     0    0    3.17
2024031411 UV_F     0    0    3.87
2024031412 UV_F     0    0    4.24
2024031413 UV_F     0    0    4.48
2024031414 UV_F     0    0    5.52
2024031415 UV_F     0    0    6.34
2024031416 UV_F     0    0    7.50
2024031417 UV_F     0    0    7.93
2024031418 UV_F     0    0    7.96
2024031419 UV_F     0    0    7.70
2024031420 UV_F     0    0    7.00
2024031421 UV_F     0    0    6.21
2024031422 UV_F     0    0    5.87
2024031423 UV_F     0    0    5.54
2024031500 UV_F     0    0    5.47
2024031501 UV_F     0    0    5.57
2024031502 UV_F     0    0    5.46
2024031503 UV_F     0    0    4.98
2024031504 UV_F     0    0    4.09
2024031505 UV_F     0    0    3.80
2024031506 UV_F     0    0    3.58
2024031507 UV_F     0    0    3.59
2024031508 UV_F     0    0    3.82
2024031509 UV_F     0    0    3.57
2024031510 UV_F     0    0    2.79
2024031511 UV_F     0    0    2.84
2024031512 UV_F     0    0    2.48
2024031513 UV_F     0    0    1.81
2024031514 UV_F     0    0    2.15
2024031515 UV_F     0    0    3.59
2024031516 UV_F     0    0    4.91
2024031517 UV_F     0    0    5.24
2024031518 UV_F     0    0    5.33
2024031519 UV_F     0    0    4.91
2024031520 UV_F     0    0    4.60
2024031521 UV_F     0    0    3.48
2024031522 UV_F     0    0    3.85
2024031523 UV_F     0    0    3.77
2024031600 UV_F     0    0    4.06
2024031601 UV_F     0    0    4.34
2024031602 UV_F     0    0    4.40
2024031603 UV_F     0    0    4.53
2024031604 UV_F     0    0    3.89
2024031605 UV_F     0    0    3.97
2024031606 UV_F     0    0    3.94
2024031607 UV_F     0    0    4.04
2024031608 UV_F     0    0    4.44
2024031609 UV_F     0    0    4.73
2024031610 UV_F     0    0    4.52
2024031611 UV_F     0    0    4.76
2024031612 UV_F     0    0    5.45
2024031613 UV_F     0    0    6.70
2024031614 UV_F     0    0    7.55
2024031615 UV_F     0    0    7.22
2024031616 UV_F     0    0    6.65
2024031617 UV_F     0    0    7.22
2024031618 UV_F     0    0    7.10
2024031619 UV_F     0    0    6.42
2024031620 UV_F     0    0    5.33
2024031621 UV_F     0    0    4.47
2024031622 UV_F     0    0    3.27
2024031623 UV_F     0    0    2.75
2024031700 UV_F     0    0    2.17
2024031701 UV_F     0    0    1.90
2024031702 UV_F     0    0    1.94
2024031703 UV_F     0    0    2.03
2024031704 UV_F     0    0    2.80
2024031705 UV_F     0    0    3.04
2024031706 UV_F     0    0    2.89
2024031707 UV_F     0    0    2.82
2024031708 UV_F     0    0    2.88
2024031709 UV_F     0    0    2.83
2024031710 UV_F     0    0    3.18
2024031711 UV_F     0    0    3.22
2024031712 UV_F     0    0    3.15
2024031713 UV_F     0    0    3.34
2024031714 UV_F     0    0    5.29
2024031715 UV_F     0    0    7.89
2024031716 UV_F     0    0    9.72
2024031717 UV_F     0    0   10.25
2024031718 UV_F     0    0   10.32
2024031719 UV_F     0    0    9.42
2024031720 UV_F     0    0    9.49
2024031721 UV_F     0    0    8.86
2024031722 UV_F     0    0    9.04
2024031723 UV_F     0    0    9.62
2024031800 UV_F     0    0    9.44
2024031801 UV_F     0    0    8.78
2024031802 UV_F     0    0    8.42
2024031803 UV_F     0    0    8.59
2024031804 UV_F     0    0    9.08
2024031805 UV_F     0    0    9.06
2024031806 UV_F     0    0    8.33
2024031807 UV_F     0    0    7.46
2024031808 UV_F     0    0    6.21
2024031809 UV_F     0    0    5.05
2024031810 UV_F     0    0    5.06
2024031811 UV_F     0    0    3.96
2024031812 UV_F     0    0    3.28
2024031813 UV_F     0    0    3.18
2024031814 UV_F     0    0    3.57
2024031815 UV_F     0    0    4.02
2024031816 UV_F     0    0    4.40
2024031817 UV_F     0    0    4.96
2024031818 UV_F     0    0    5.00
2024031819 UV_F     0    0    4.26
2024031820 UV_F     0    0    5.39
2024031821 UV_F     0    0    5.85
2024031822 UV_F     0    0    6.79
2024031823 UV_F     0    0    6.07
2024031900 UV_F     0    0    5.51
2024031901 UV_F     0    0    5.66
2024031902 UV_F     0    0    6.17
2024031903 UV_F     0    0    6.69
2024031904 UV_F     0    0    6.84
2024031905 UV_F     0    0    6.83
2024031906 UV_F     0    0    7.15
2024031907 UV_F     0    0    8.12
2024031908 UV_F     0    0    7.33
2024031909 UV_F     0    0    6.36
2024031910 UV_F     0    0    6.34
2024031911 UV_F     0    0    5.94
2024031912 UV_F     0    0    5.37
2024031913 UV_F     0    0    6.10
2024031914 UV_F     0    0    6.61
2024031915 UV_F     0    0    6.93
2024031916 UV_F     0    0    7.06
2024031917 UV_F     0    0    7.08
2024031918 UV_F     0    0    7.23
2024031919 UV_F     0    0    7.21
2024031920 UV_F     0    0    7.39
2024031921 UV_F     0    0    7.74
2024031922 UV_F     0    0    7.43
2024031923 UV_F     0    0    7.71
2024032000 UV_F     0    0    7.83
2024032001 UV_F     0    0    8.12
2024032002 UV_F     0    0    8.03
2024032003 UV_F     0    0    7.89
2024032004 UV_F     0    0    7.90
2024032005 UV_F     0    0    7.67
2024032006 UV_F     0    0    7.24
2024032007 UV_F     0    0    6.70
2024032008 UV_F     0    0    6.11
2024032009 UV_F     0    0    5.30
2024032010 UV_F     0    0    4.18
2024032011 UV_F     0    0    3.24
2024032012 UV_F     0    0    2.71
2024032013 UV_F     0    0    2.87
2024032014 UV_F     0    0    3.10
2024032015 UV_F     0    0    3.59
2024032016 UV_F     0    0    5.28
2024032017 UV_F     0    0    6.88
2024032018 UV_F     0    0    7.72
2024032019 UV_F     0    0    7.88
2024032020 UV_F     0    0    7.94
2024032021 UV_F     0    0    7.74
2024032022 UV_F     0    0    6.94
2024032023 UV_F     0    0    5.66
2024032100 UV_F     0    0    4.92
2024032101 UV_F     0    0    4.62
2024032102 UV_F     0    0    4.70
2024032103 UV_F     0    0    5.31
2024032104 UV_F     0    0    5.37
2024032105 UV_F     0    0    5.74
2024032106 UV_F     0    0    6.33
2024032107 UV_F     0    0    7.54
2024032108 UV_F     0    0    8.03
2024032109 UV_F     0    0    9.48
2024032110 UV_F     0    0   11.98
2024032111 UV_F     0    0   13.20
2024032112 UV_F     0    0   15.40
2024032113 UV_F     0    0   16.47
2024032114 UV_F     0    0   16.54
2024032115 UV_F     0    0   17.06
2024032116 UV_F     0    0   20.48
2024032117 UV_F     0    0   21.71
2024032118 UV_F     0    0   22.89
2024032119 UV_F     0    0   22.66
2024032120 UV_F     0    0   20.40
2024032121 UV_F     0    0   16.65
2024032122 UV_F     0    0   15.06
2024032123 UV_F     0    0   10.37
2024032200 UV_F     0    0    5.86
2024032201 UV_F     0    0    3.43
2024032202 UV_F     0    0    3.45
2024032203 UV_F     0    0    3.57
2024032204 UV_F     0    0    4.19
2024032205 UV_F     0    0    4.10
2024032206 UV_F     0    0    4.53
2024032207 UV_F     0    0    6.19
2024032208 UV_F     0    0    8.65
2024032209 UV_F     0    0    8.83
2024032210 UV_F     0    0    8.76
2024032211 UV_F     0    0    8.90
2024032212 UV_F     0    0   11.11
2024032213 UV_F     0    0   13.59
2024032214 UV_F     0    0   16.29
2024032215 UV_F     0    0   17.20
2024032216 UV_F     0    0   16.07
2024032217 UV_F     0    0   16.05
2024032218 UV_F     0    0   16.28
2024032219 UV_F     0    0   16.31
2024032220 UV_F     0    0   16.25
2024032221 UV_F     0    0   15.82
2024032222 UV_F     0    0   16.00
2024032223 UV_F     0    0   16.17
2024032300 UV_F     0    0   16.40
2024032301 UV_F     0    0   16.44
2024032302 UV_F     0    0   16.12
2024032303 UV_F     0    0   15.60
2024032304 UV_F     0    0   14.06
2024032305 UV_F     0    0   13.70
2024032306 UV_F     0    0   13.22
2024032307 UV_F     0    0   12.74
2024032308 UV_F     0    0   12.01
2024032309 UV_F     0    0   11.07
2024032310 UV_F     0    0    8.83
2024032311 UV_F     0    0    8.21
2024032312 UV_F     0    0    8.40
2024032313 UV_F     0    0    8.48
2024032314 UV_F     0    0    7.17
2024032315 UV_F     0    0    6.41
2024032316 UV_F     0    0    6.55
2024032317 UV_F     0    0    6.41
2024032318 UV_F     0    0    6.60
2024032319 UV_F     0    0    5.05
2024032320 UV_F     0    0    4.50
2024032321 UV_F     0    0    4.62
2024032322 UV_F     0    0    3.92
2024032323 UV_F     0    0    3.70
2024032400 UV_F     0    0    3.79
2024032401 UV_F     0    0    3.36
2024032402 UV_F     0    0    2.86
2024032403 UV_F     0    0    2.80
2024032404 UV_F     0    0    3.29
2024032405 UV_F     0    0    3.36
2024032406 UV_F     0    0    5.15
2024032407 UV_F     0    0    8.74
2024032408 UV_F     0    0   10.90
2024032409 UV_F     0    0   11.70
2024032410 UV_F     0    0   11.87
2024032411 UV_F     0    0   13.32
2024032412 UV_F     0    0   16.29
2024032413 UV_F     0    0   21.35
2024032414 UV_F     0    0   21.22
2024032415 UV_F     0    0   21.05
2024032416 UV_F     0    0   20.27
2024032417 UV_F     0    0   19.02
2024032418 UV_F     0    0   18.82
2024032419 UV_F     0    0   18.57
2024032420 UV_F     0    0   17.93
2024032421 UV_F     0    0   16.67
2024032422 UV_F     0    0   13.89
2024032423 UV_F     0    0   11.43
2024032500 UV_F     0    0   10.61
2024032501 UV_F     0    0    9.93
2024032502 UV_F     0    0    9.42
2024032503 UV_F     0    0    8.84
2024032504 UV_F     0    0    5.64
2024032505 UV_F     0    0    4.53
2024032506 UV_F     0    0    3.90
2024032507 UV_F     0    0    3.41
2024032508 UV_F     0    0    3.38
2024032509 UV_F     0    0    3.77
2024032510 UV_F     0    0    3.83
2024032511 UV_F     0    0    3.66
2024032512 UV_F     0    0    4.39
2024032513 UV_F     0    0    8.04
2024032514 UV_F     0    0    8.97
2024032515 UV_F     0    0    8.08
2024032516 UV_F     0    0    5.64
2024032517 UV_F     0    0    5.70
2024032518 UV_F     0    0    5.31
2024032519 UV_F     0    0    4.25
2024032520 UV_F     0    0    4.91
2024032521 UV_F     0    0    6.73
2024032522 UV_F     0    0    5.86
2024032523 UV_F     0    0    5.06
2024032600 UV_F     0    0    4.65
2024032601 UV_F     0    0    4.87
2024032602 UV_F     0    0    5.10
2024032603 UV_F     0    0    5.20
2024032604 UV_F     0    0    5.22
2024032605 UV_F     0    0    4.64
2024032606 UV_F     0    0    4.29
2024032607 UV_F     0    0    4.29
2024032608 UV_F     0    0    4.38
2024032609 UV_F     0    0    4.24
2024032610 UV_F     0    0    4.26
2024032611 UV_F     0    0    4.77
2024032612 UV_F     0    0    4.80
2024032613 UV_F     0    0    4.69
2024032614 UV_F     0    0    7.36
2024032615 UV_F     0    0    9.63
2024032616 UV_F     0    0    9.78
2024032617 UV_F     0    0   10.37
2024032618 UV_F     0    0   10.66
2024032619 UV_F     0    0   10.23
2024032620 UV_F     0    0   10.01
2024032621 UV_F     0    0    9.78
2024032622 UV_F     0    0    8.10
2024032623 UV_F     0    0    6.32
2024032700 UV_F     0    0    5.85
2024032701 UV_F     0    0    6.01
2024032702 UV_F     0    0    6.73
2024032703 UV_F     0    0    7.48
2024032704 UV_F     0    0    8.37
2024032705 UV_F     0    0    9.29
2024032706 UV_F     0    0   10.00
2024032707 UV_F     0    0   11.05
2024032708 UV_F     0    0   11.53
2024032709 UV_F     0    0   11.12
2024032710 UV_F     0    0    9.70
2024032711 UV_F     0    0    8.99
2024032712 UV_F     0    0    8.45
2024032713 UV_F     0    0    8.60
2024032714 UV_F     0    0    8.89
2024032715 UV_F     0    0    9.08
2024032716 UV_F     0    0    8.88
2024032717 UV_F     0    0    8.21
2024032718 UV_F     0    0    8.01
2024032719 UV_F     0    0    7.80
2024032720 UV_F     0    0    7.32
2024032721 UV_F     0    0    6.86
2024032722 UV_F     0    0    5.56
2024032723 UV_F     0    0    5.58
2024032800 UV_F     0    0    5.58
2024032801 UV_F     0    0    4.55
2024032802 UV_F     0    0    4.38
2024032803 UV_F     0    0    4.23
2024032804 UV_F     0    0    4.58
2024032805 UV_F     0    0    4.67
2024032806 UV_F     0    0    4.29
2024032807 UV_F     0    0    3.91
2024032808 UV_F     0    0    4.51
2024032809 UV_F     0    0    4.22
2024032810 UV_F     0    0    2.92
2024032811 UV_F     0    0    2.91
2024032812 UV_F     0    0    2.90
2024032813 UV_F     0    0    2.98
2024032814 UV_F     0    0    3.11
2024032815 UV_F     0    0    2.52
2024032816 UV_F     0    0    1.85
2024032817 UV_F     0    0    1.63
2024032818 UV_F     0    0    1.57
2024032819 UV_F     0    0    1.69
2024032820 UV_F     0    0    2.19
2024032821 UV_F     0    0    2.49
2024032822 UV_F     0    0    2.54
2024032823 UV_F     0    0    2.31
2024032900 UV_F     0    0    2.00
2024032901 UV_F     0    0    1.49
2024032902 UV_F     0    0    1.56
2024032903 UV_F     0    0    1.16
2024032904 UV_F     0    0    3.23
2024032905 UV_F     0    0    3.54
2024032906 UV_F     0    0    3.45
2024032907 UV_F     0    0    4.30
2024032908 UV_F     0    0    4.35
2024032909 UV_F     0    0    4.20
2024032910 UV_F     0    0    4.25
2024032911 UV_F     0    0    4.87
2024032912 UV_F     0    0    5.13
2024032913 UV_F     0    0    6.21
2024032914 UV_F     0    0    6.81
2024032915 UV_F     0    0    7.66
2024032916 UV_F     0    0    7.90
2024032917 UV_F     0    0    8.47
2024032918 UV_F     0    0    8.22
2024032919 UV_F     0    0    7.20
2024032920 UV_F     0    0    7.00
2024032921 UV_F     0    0    6.47
2024032922 UV_F     0    0    5.66
2024032923 UV_F     0    0    6.00
2024033000 UV_F     0    0    6.53
2024033001 UV_F     0    0    7.27
2024033002 UV_F     0    0    7.16
2024033003 UV_F     0    0    6.25
2024033004 UV_F     0    0    6.47
2024033005 UV_F     0    0    4.14
2024033006 UV_F     0    0    4.04
2024033007 UV_F     0    0    3.71
2024033008 UV_F     0    0    4.25
2024033009 UV_F     0    0    4.95
2024033010 UV_F     0    0    6.11
2024033011 UV_F     0    0    5.03
2024033012 UV_F     0    0    4.55
2024033013 UV_F     0    0    4.31
2024033014 UV_F     0    0    4.31
2024033015 UV_F     0    0    4.42
2024033016 UV_F     0    0    4.21
2024033017 UV_F     0    0    4.04
2024033018 UV_F     0    0    4.45
2024033019 UV_F     0    0    6.92
2024033020 UV_F     0    0    8.70
2024033021 UV_F     0    0   10.43
2024033022 UV_F     0    0   10.50
2024033023 UV_F     0    0   10.25
2024033100 UV_F     0    0   11.17
2024033101 UV_F     0    0   12.82
2024033102 UV_F     0    0   12.83
2024033103 UV_F     0    0   11.89
2024033104 UV_F     0    0   10.98
2024033105 UV_F     0    0   10.78
2024033106 UV_F     0    0   11.28
2024033107 UV_F     0    0   11.53
2024033108 UV_F     0    0   10.98
2024033109 UV_F     0    0   10.40
2024033110 UV_F     0    0    9.71
2024033111 UV_F     0    0   10.20
2024033112 UV_F     0    0   10.87
2024033113 UV_F     0    0   11.41
2024033114 UV_F     0    0   12.03
2024033115 UV_F     0    0   12.30
2024033116 UV_F     0    0   11.57
2024033117 UV_F     0    0   11.29
2024033118 UV_F     0    0   11.73
2024033119 UV_F     0    0   11.86
2024033120 UV_F     0    0   11.72
2024033121 UV_F     0    0   11.24
2024033122 UV_F     0    0    8.40
2024033123 UV_F     0    0    6.88
2024040100 UV_F     0    0    7.54
2024040101 UV_F     0    0    9.12
2024040102 UV_F     0    0   10.75
2024040103 UV_F     0    0   11.43
2024040104 UV_F     0    0   11.60
2024040105 UV_F     0    0   11.19
2024040106 UV_F     0    0   11.14
2024040107 UV_F     0    0   11.18
2024040108 UV_F     0    0   10.97
2024040109 UV_F     0    0   10.73
2024040110 UV_F     0    0   10.38
2024040111 UV_F     0    0   10.93
2024040112 UV_F     0    0   12.50
2024040113 UV_F     0    0   13.04
2024040114 UV_F     0    0   12.77
2024040115 UV_F     0    0   12.42
2024040116 UV_F     0    0   13.47
2024040117 UV_F     0    0   13.67
2024040118 UV_F     0    0   13.69
2024040119 UV_F     0    0   13.41
2024040120 UV_F     0    0   12.68
2024040121 UV_F     0    0   11.58
2024040122 UV_F     0    0    9.54
2024040123 UV_F     0    0    8.07
2024040200 UV_F     0    0    7.80
2024040201 UV_F     0    0    7.90
2024040202 UV_F     0    0    8.53
2024040203 UV_F     0    0    9.53
2024040204 UV_F     0    0    9.97
2024040205 UV_F     0    0    8.58
2024040206 UV_F     0    0    7.67
2024040207 UV_F     0    0    7.49
2024040208 UV_F     0    0    7.58
2024040209 UV_F     0    0    7.81
2024040210 UV_F     0    0    7.66
2024040211 UV_F     0    0    7.95
2024040212 UV_F     0    0    8.83
2024040213 UV_F     0    0    9.49
2024040214 UV_F     0    0    9.44
2024040215 UV_F     0    0    9.11
2024040216 UV_F     0    0    8.59
2024040217 UV_F     0    0    8.26
2024040218 UV_F     0    0    7.79
2024040219 UV_F     0    0    6.80
2024040220 UV_F     0    0    4.78
2024040221 UV_F     0    0    3.89
2024040222 UV_F     0    0    3.26
2024040223 UV_F     0    0    2.06
2024040300 UV_F     0    0    2.01
2024040301 UV_F     0    0    2.55
2024040302 UV_F     0    0    3.29
2024040303 UV_F     0    0    3.58
2024040304 UV_F     0    0    4.09
2024040305 UV_F     0    0    4.59
2024040306 UV_F     0    0    4.62
2024040307 UV_F     0    0    3.89
2024040308 UV_F     0    0    4.55
2024040309 UV_F     0    0    4.86
2024040310 UV_F     0    0    5.80
2024040311 UV_F     0    0    7.14
2024040312 UV_F     0    0    8.42
2024040313 UV_F     0    0    8.36
2024040314 UV_F     0    0    8.25
2024040315 UV_F     0    0    7.61
2024040316 UV_F     0    0    8.08
2024040317 UV_F     0    0    6.15
2024040318 UV_F     0    0    4.62
2024040319 UV_F     0    0    3.86
2024040320 UV_F     0    0    3.45
2024040321 UV_F     0    0    3.00
2024040322 UV_F     0    0    2.36
2024040323 UV_F     0    0    2.63
2024040400 UV_F     0    0    2.87
2024040401 UV_F     0    0    3.07
2024040402 UV_F     0    0    2.27
2024040403 UV_F     0    0    2.11
2024040404 UV_F     0    0    2.21
2024040405 UV_F     0    0    2.35
2024040406 UV_F     0    0    2.18
2024040407 UV_F     0    0    1.84
2024040408 UV_F     0    0    1.88
2024040409 UV_F     0    0    2.43
2024040410 UV_F     0    0    3.60
2024040411 UV_F     0    0    6.94
2024040412 UV_F     0    0   11.49
2024040413 UV_F     0    0   11.37
2024040414 UV_F     0    0   11.42
2024040415 UV_F     0    0   10.54
2024040416 UV_F     0    0   10.08
2024040417 UV_F     0    0    9.32
2024040418 UV_F     0    0    9.34
2024040419 UV_F     0    0    9.57
2024040420 UV_F     0    0    9.94
2024040421 UV_F     0    0   10.73
2024040422 UV_F     0    0    9.91
2024040423 UV_F     0    0   10.94
2024040500 UV_F     0    0   12.01
2024040501 UV_F     0    0   12.34
2024040502 UV_F     0    0   12.53
2024040503 UV_F     0    0   12.92
2024040504 UV_F     0    0   13.21
2024040505 UV_F     0    0   13.89
2024040506 UV_F     0    0   14.40
2024040507 UV_F     0    0   14.73
2024040508 UV_F     0    0   15.10
2024040509 UV_F     0    0   15.40
2024040510 UV_F     0    0   15.70
2024040511 UV_F     0    0   16.01
2024040512 UV_F     0    0   16.36
2024040513 UV_F     0    0   16.64
2024040514 UV_F     0    0   16.68
2024040515 UV_F     0    0   16.82
2024040516 UV_F     0    0   17.22
2024040517 UV_F     0    0   17.07
2024040518 UV_F     0    0   16.80
2024040519 UV_F     0    0   16.59
2024040520 UV_F     0    0   16.23
2024040521 UV_F     0    0   15.60
2024040522 UV_F     0    0   15.25
2024040523 UV_F     0    0   14.30
2024040600 UV_F     0    0   13.71
2024040601 UV_F     0    0   13.07
2024040602 UV_F     0    0   12.46
2024040603 UV_F     0    0   11.69
2024040604 UV_F     0    0   11.34
2024040605 UV_F     0    0   11.28
2024040606 UV_F     0    0   11.15
2024040607 UV_F     0    0   11.31
2024040608 UV_F     0    0   11.65
2024040609 UV_F     0    0   11.81
2024040610 UV_F     0    0   12.20
2024040611 UV_F     0    0   12.90
2024040612 UV_F     0    0   13.19
2024040613 UV_F     0    0   13.02
2024040614 UV_F     0    0   12.56
2024040615 UV_F     0    0   12.12
2024040616 UV_F     0    0   12.14
2024040617 UV_F     0    0   11.75
2024040618 UV_F     0    0   10.84
2024040619 UV_F     0    0    9.24
2024040620 UV_F     0    0    8.04
2024040621 UV_F     0    0    7.11
2024040622 UV_F     0    0    5.15
2024040623 UV_F     0    0    3.68
2024040700 UV_F     0    0    2.77
2024040701 UV_F     0    0    3.03
2024040702 UV_F     0    0    4.37
2024040703 UV_F     0    0    5.75
2024040704 UV_F     0    0    5.58
2024040705 UV_F     0    0    5.42
2024040706 UV_F     0    0    5.20
2024040707 UV_F     0    0    4.66
2024040708 UV_F     0    0    5.08
2024040709 UV_F     0    0    5.50
2024040710 UV_F     0    0    6.40
2024040711 UV_F     0    0    6.78
2024040712 UV_F     0    0    6.66
2024040713 UV_F     0    0    6.66
2024040714 UV_F     0    0    7.56
2024040715 UV_F     0    0    8.65
2024040716 UV_F     0    0    8.69
2024040717 UV_F     0    0    8.80
2024040718 UV_F     0    0    8.74
2024040719 UV_F     0    0    9.12
2024040720 UV_F     0    0    8.96
2024040721 UV_F     0    0    8.10
2024040722 UV_F     0    0    6.29
2024040723 UV_F     0    0    5.44
2024040800 UV_F     0    0    5.15
2024040801 UV_F     0    0    4.96
2024040802 UV_F     0    0    4.96
2024040803 UV_F     0    0    4.93
2024040804 UV_F     0    0    4.26
2024040805 UV_F     0    0    4.28
2024040806 UV_F     0    0    4.29
2024040807 UV_F     0    0    4.03
2024040808 UV_F     0    0    3.48
2024040809 UV_F     0    0    2.99
2024040810 UV_F     0    0    2.79
2024040811 UV_F     0    0    3.34
2024040812 UV_F     0    0    3.02
2024040813 UV_F     0    0    2.48
2024040814 UV_F     0    0    4.04
2024040815 UV_F     0    0    6.08
2024040816 UV_F     0    0    8.98
2024040817 UV_F     0    0   11.49
2024040818 UV_F     0    0   14.42
2024040819 UV_F     0    0   16.14
2024040820 UV_F     0    0   16.61
2024040821 UV_F     0    0   13.42
2024040822 UV_F     0    0    8.54
2024040823 UV_F     0    0    7.86
2024040900 UV_F     0    0    8.47
2024040901 UV_F     0    0    9.17
2024040902 UV_F     0    0    9.34
2024040903 UV_F     0    0   10.23
2024040904 UV_F     0    0    9.67
2024040905 UV_F     0    0    9.31
2024040906 UV_F     0    0    9.64
2024040907 UV_F     0    0    9.84
2024040908 UV_F     0    0    9.36
2024040909 UV_F     0    0    8.84
2024040910 UV_F     0    0    7.79
2024040911 UV_F     0    0    8.06
2024040912 UV_F     0    0    8.69
2024040913 UV_F     0    0    8.52
2024040914 UV_F     0    0    8.14
2024040915 UV_F     0    0    8.16
2024040916 UV_F     0    0    9.63
2024040917 UV_F     0    0    9.61
2024040918 UV_F     0    0   10.04
2024040919 UV_F     0    0    9.95
2024040920 UV_F     0    0    9.57
2024040921 UV_F     0    0    9.05
2024040922 UV_F     0    0    6.82
2024040923 UV_F     0    0    5.43
2024041000 UV_F     0    0    4.68
2024041001 UV_F     0    0    4.03
2024041002 UV_F     0    0    3.42
2024041003 UV_F     0    0    3.00
2024041004 UV_F     0    0    3.52
2024041005 UV_F     0    0    3.20
2024041006 UV_F     0    0    3.15
2024041007 UV_F     0    0    3.15
2024041008 UV_F     0    0    3.26
2024041009 UV_F     0    0    3.40
2024041010 UV_F     0    0    3.73
2024041011 UV_F     0    0    3.16
2024041012 UV_F     0    0    2.27
2024041013 UV_F     0    0    3.45
2024041014 UV_F     0    0    4.47
2024041015 UV_F     0    0    5.26
2024041016 UV_F     0    0    4.70
2024041017 UV_F     0    0    4.62
2024041018 UV_F     0    0    5.08
2024041019 UV_F     0    0    5.53
2024041020 UV_F     0    0    5.97
2024041021 UV_F     0    0    6.13
2024041022 UV_F     0    0    4.89
2024041023 UV_F     0    0    4.44
2024041100 UV_F     0    0    4.78
2024041101 UV_F     0    0    5.23
2024041102 UV_F     0    0    5.55
2024041103 UV_F     0    0    5.63
2024041104 UV_F     0    0    6.25
2024041105 UV_F     0    0    6.72
2024041106 UV_F     0    0    7.01
2024041107 UV_F     0    0    7.23
2024041108 UV_F     0    0    7.23
2024041109 UV_F     0    0    7.56
2024041110 UV_F     0    0    7.44
2024041111 UV_F     0    0    7.43
2024041112 UV_F     0    0    7.65
2024041113 UV_F     0    0    7.56
2024041114 UV_F     0    0    7.79
2024041115 UV_F     0    0    8.36
2024041116 UV_F     0    0    9.57
2024041117 UV_F     0    0   10.21
2024041118 UV_F     0    0   10.60
2024041119 UV_F     0    0   10.53
2024041120 UV_F     0    0   10.59
2024041121 UV_F     0    0    9.40
2024041122 UV_F     0    0    7.85
2024041123 UV_F     0    0    6.85
2024041200 UV_F     0    0    6.23
2024041201 UV_F     0    0    5.97
2024041202 UV_F     0    0    5.91
2024041203 UV_F     0    0    6.43
2024041204 UV_F     0    0    6.85
2024041205 UV_F     0    0    8.29
2024041206 UV_F     0    0   10.07
2024041207 UV_F     0    0    9.16
2024041208 UV_F     0    0    8.44
2024041209 UV_F     0    0   10.64
2024041210 UV_F     0    0    9.85
2024041211 UV_F     0    0    9.77
2024041212 UV_F     0    0    9.88
2024041213 UV_F     0    0    9.40
2024041214 UV_F     0    0    9.38
2024041215 UV_F     0    0    9.35
2024041216 UV_F     0    0   10.52
2024041217 UV_F     0    0   10.56
2024041218 UV_F     0    0   10.38
2024041219 UV_F     0    0   10.42
2024041220 UV_F     0    0   10.06
2024041221 UV_F     0    0   10.00
2024041222 UV_F     0    0    9.93
2024041223 UV_F     0    0   10.35
2024041300 UV_F     0    0   11.67
2024041301 UV_F     0    0   12.12
2024041302 UV_F     0    0   12.45
2024041303 UV_F     0    0   12.56
2024041304 UV_F     0    0   11.91
2024041305 UV_F     0    0   12.03
2024041306 UV_F     0    0   12.71
2024041307 UV_F     0    0   12.69
2024041308 UV_F     0    0   11.73
2024041309 UV_F     0    0   10.54
2024041310 UV_F     0    0    8.90
2024041311 UV_F     0    0    8.71
2024041312 UV_F     0    0    9.12
2024041313 UV_F     0    0    9.30
2024041314 UV_F     0    0    9.23
2024041315 UV_F     0    0    8.93
2024041316 UV_F     0    0   10.94
2024041317 UV_F     0    0   10.67
2024041318 UV_F     0    0   10.31
2024041319 UV_F     0    0    9.65
2024041320 UV_F     0    0    9.47
2024041321 UV_F     0    0    8.71
2024041322 UV_F     0    0    6.96
2024041323 UV_F     0    0    5.37
2024041400 UV_F     0    0    4.75
2024041401 UV_F     0    0    4.58
2024041402 UV_F     0    0    4.02
2024041403 UV_F     0    0    5.15
2024041404 UV_F     0    0    6.29
2024041405 UV_F     0    0    6.51
2024041406 UV_F     0    0    6.14
2024041407 UV_F     0    0    5.34
2024041408 UV_F     0    0    6.13
2024041409 UV_F     0    0    8.39
2024041410 UV_F     0    0    8.03
2024041411 UV_F     0    0    7.18
2024041412 UV_F     0    0    6.57
2024041413 UV_F     0    0    4.50
2024041414 UV_F     0    0    4.62
2024041415 UV_F     0    0    3.64
2024041416 UV_F     0    0    4.60
2024041417 UV_F     0    0    3.39
2024041418 UV_F     0    0    3.45
2024041419 UV_F     0    0    4.17
2024041420 UV_F     0    0    5.16
2024041421 UV_F     0    0    5.54
2024041422 UV_F     0    0    4.94
2024041423 UV_F     0    0    4.04
2024041500 UV_F     0    0    3.60
2024041501 UV_F     0    0    3.22
2024041502 UV_F     0    0    3.27
2024041503 UV_F     0    0    3.59
2024041504 UV_F     0    0    3.70
2024041505 UV_F     0    0    3.58
2024041506 UV_F     0    0    3.64
2024041507 UV_F     0    0    3.81
2024041508 UV_F     0    0    4.21
2024041509 UV_F     0    0    4.55
2024041510 UV_F     0    0    5.39
2024041511 UV_F     0    0    5.61
2024041512 UV_F     0    0    4.95
2024041513 UV_F     0    0    4.73
2024041514 UV_F     0    0    5.07
2024041515 UV_F     0    0    6.12
2024041516 UV_F     0    0    6.50
2024041517 UV_F     0    0    6.06
2024041518 UV_F     0    0    5.77
2024041519 UV_F     0    0    4.99
2024041520 UV_F     0    0    5.10
2024041521 UV_F     0    0    4.26
2024041522 UV_F     0    0    3.18
2024041523 UV_F     0    0    2.30
2024041600 UV_F     0    0    1.65
2024041601 UV_F     0    0    2.06
2024041602 UV_F     0    0    2.14
2024041603 UV_F     0    0    2.77
2024041604 UV_F     0    0    3.69
2024041605 UV_F     0    0    4.15
2024041606 UV_F     0    0    4.31
2024041607 UV_F     0    0    4.56
2024041608 UV_F     0    0    4.91
2024041609 UV_F     0    0    4.83
2024041610 UV_F     0    0    4.21
2024041611 UV_F     0    0    4.69
2024041612 UV_F     0    0    4.19
2024041613 UV_F     0    0    4.10
2024041614 UV_F     0    0    6.15
2024041615 UV_F     0    0    7.86
2024041616 UV_F     0    0    8.85
2024041617 UV_F     0    0    8.22
2024041618 UV_F     0    0    4.95
2024041619 UV_F     0    0    5.95
2024041620 UV_F     0    0    5.99
2024041621 UV_F     0    0    6.79
2024041622 UV_F     0    0    7.41
2024041623 UV_F     0    0    7.69
2024041700 UV_F     0    0    7.08
2024041701 UV_F     0    0    6.50
2024041702 UV_F     0    0    6.01
2024041703 UV_F     0    0    5.69
2024041704 UV_F     0    0    5.63
2024041705 UV_F     0    0    5.66
2024041706 UV_F     0    0    6.30
2024041707 UV_F     0    0    7.14
2024041708 UV_F     0    0    7.71
2024041709 UV_F     0    0    8.56
2024041710 UV_F     0    0    8.82
2024041711 UV_F     0    0    9.08
2024041712 UV_F     0    0    9.28
2024041713 UV_F     0    0    9.78
2024041714 UV_F     0    0   10.06
2024041715 UV_F     0    0   10.25
2024041716 UV_F     0    0   10.29
2024041717 UV_F     0    0   10.83
2024041718 UV_F     0    0   11.26
2024041719 UV_F     0    0   11.18
2024041720 UV_F     0    0   10.35
2024041721 UV_F     0    0   10.87
2024041722 UV_F     0    0   10.50
2024041723 UV_F     0    0   10.01
2024041800 UV_F     0    0    8.90
2024041801 UV_F     0    0    8.47
2024041802 UV_F     0    0    9.13
2024041803 UV_F     0    0    6.05
2024041804 UV_F     0    0    5.93
2024041805 UV_F     0    0    4.82
2024041806 UV_F     0    0    4.41
2024041807 UV_F     0    0    4.92
2024041808 UV_F     0    0    5.13
2024041809 UV_F     0    0    5.22
2024041810 UV_F     0    0    5.43
2024041811 UV_F     0    0    6.68
2024041812 UV_F     0    0    7.44
2024041813 UV_F     0    0    7.48
2024041814 UV_F     0    0    7.63
2024041815 UV_F     0    0    8.19
2024041816 UV_F     0    0    8.91
2024041817 UV_F     0    0    8.43
2024041818 UV_F     0    0    7.86
2024041819 UV_F     0    0    7.08
2024041820 UV_F     0    0    6.04
2024041821 UV_F     0    0    5.69
2024041822 UV_F     0    0    4.95
2024041823 UV_F     0    0    5.19
2024041900 UV_F     0    0    5.01
2024041901 UV_F     0    0    4.42
2024041902 UV_F     0    0    3.95
2024041903 UV_F     0    0    3.68
2024041904 UV_F     0    0    3.66
2024041905 UV_F     0    0    3.12
2024041906 UV_F     0    0    2.42
2024041907 UV_F     0    0    2.08
2024041908 UV_F     0    0    1.32
2024041909 UV_F     0    0    1.22
2024041910 UV_F     0    0    2.11
2024041911 UV_F     0    0    3.63
2024041912 UV_F     0    0    3.94
2024041913 UV_F     0    0    5.14
2024041914 UV_F     0    0    6.13
2024041915 UV_F     0    0    7.68
2024041916 UV_F     0    0    8.90
2024041917 UV_F     0    0    9.87
2024041918 UV_F     0    0   10.34
2024041919 UV_F     0    0    9.99
2024041920 UV_F     0    0    9.50
2024041921 UV_F     0    0    8.71
2024041922 UV_F     0    0    8.13
2024041923 UV_F     0    0    7.21
2024042000 UV_F     0    0    6.77
2024042001 UV_F     0    0    7.47
2024042002 UV_F     0    0    8.27
2024042003 UV_F     0    0    8.62
2024042004 UV_F     0    0    8.53
2024042005 UV_F     0    0    8.65
2024042006 UV_F     0    0    7.91
2024042007 UV_F     0    0    7.22
2024042008 UV_F     0    0    8.20
2024042009 UV_F     0    0   10.75
2024042010 UV_F     0    0   12.07
2024042011 UV_F     0    0   12.57
2024042012 UV_F     0    0   12.65
2024042013 UV_F     0    0   12.09
2024042014 UV_F     0    0   10.91
2024042015 UV_F     0    0    9.05
2024042016 UV_F     0    0   10.22
2024042017 UV_F     0    0   10.83
2024042018 UV_F     0    0    9.56
2024042019 UV_F     0    0    8.24
2024042020 UV_F     0    0    8.04
2024042021 UV_F     0    0    7.89
2024042022 UV_F     0    0    6.99
2024042023 UV_F     0    0    6.24
2024042100 UV_F     0    0    4.63
2024042101 UV_F     0    0    2.03
2024042102 UV_F     0    0    2.16
2024042103 UV_F     0    0    2.68
2024042104 UV_F     0    0    4.54
2024042105 UV_F     0    0    4.83
2024042106 UV_F     0    0    5.02
2024042107 UV_F     0    0    5.05
2024042108 UV_F     0    0    5.04
2024042109 UV_F     0    0    5.04
2024042110 UV_F     0    0    4.94
2024042111 UV_F     0    0    4.77
2024042112 UV_F     0    0    4.45
2024042113 UV_F     0    0    4.44
2024042114 UV_F     0    0    3.80
2024042115 UV_F     0    0    4.16
2024042116 UV_F     0    0    5.91
2024042117 UV_F     0    0    6.00
2024042118 UV_F     0    0    4.41
2024042119 UV_F     0    0    3.86
2024042120 UV_F     0    0    3.39
2024042121 UV_F     0    0    3.09
2024042122 UV_F     0    0    3.25
2024042123 UV_F     0    0    4.03
2024042200 UV_F     0    0    3.42
2024042201 UV_F     0    0    2.28
2024042202 UV_F     0    0    2.08
2024042203 UV_F     0    0    2.72
2024042204 UV_F     0    0    3.83
2024042205 UV_F     0    0    3.53
2024042206 UV_F     0    0    3.63
2024042207 UV_F     0    0    3.87
2024042208 UV_F     0    0    3.90
2024042209 UV_F     0    0    3.71
2024042210 UV_F     0    0    4.04
2024042211 UV_F     0    0    4.18
2024042212 UV_F     0    0    8.60
2024042213 UV_F     0    0   13.46
2024042214 UV_F     0    0   14.64
2024042215 UV_F     0    0   15.47
2024042216 UV_F     0    0   15.92
2024042217 UV_F     0    0   16.40
2024042218 UV_F     0    0   16.07
2024042219 UV_F     0    0   15.38
2024042220 UV_F     0    0   14.48
2024042221 UV_F     0    0   13.88
2024042222 UV_F     0    0   13.30
2024042223 UV_F     0    0   11.71
2024042300 UV_F     0    0   10.29
2024042301 UV_F     0    0    9.85
2024042302 UV_F     0    0    9.60
2024042303 UV_F     0    0    9.14
2024042304 UV_F     0    0    8.66
2024042305 UV_F     0    0    8.39
2024042306 UV_F     0    0    7.82
2024042307 UV_F     0    0    6.45
2024042308 UV_F     0    0    4.57
2024042309 UV_F     0    0    3.50
2024042310 UV_F     0    0    4.10
2024042311 UV_F     0    0    4.14
2024042312 UV_F     0    0    5.92
2024042313 UV_F     0    0    8.85
2024042314 UV_F     0    0   11.78
2024042315 UV_F     0    0   12.60
2024042316 UV_F     0    0   14.13
2024042317 UV_F     0    0   14.48
2024042318 UV_F     0    0   14.87
2024042319 UV_F     0    0   14.97
2024042320 UV_F     0    0   15.16
2024042321 UV_F     0    0   14.63
2024042322 UV_F     0    0   14.62
2024042323 UV_F     0    0   14.23
2024042400 UV_F     0    0   14.41
2024042401 UV_F     0    0   14.67
2024042402 UV_F     0    0   14.41
2024042403 UV_F     0    0   14.38
2024042404 UV_F     0    0   14.41
2024042405 UV_F     0    0   14.18
2024042406 UV_F     0    0   14.20
2024042407 UV_F     0    0   13.97
2024042408 UV_F     0    0   13.86
2024042409 UV_F     0    0   14.27
2024042410 UV_F     0    0   14.44
2024042411 UV_F     0    0   13.23
2024042412 UV_F     0    0   11.58
2024042413 UV_F     0    0    9.82
2024042414 UV_F     0    0    8.96
2024042415 UV_F     0    0    8.54
2024042416 UV_F     0    0    7.17
2024042417 UV_F     0    0    7.31
2024042418 UV_F     0    0    7.88
2024042419 UV_F     0    0    8.36
2024042420 UV_F     0    0    8.03
2024042421 UV_F     0    0    7.37
2024042422 UV_F     0    0    7.25
2024042423 UV_F     0    0    5.85
2024042500 UV_F     0    0    5.32
2024042501 UV_F     0    0    4.10
2024042502 UV_F     0    0    2.45
2024042503 UV_F     0    0    2.40
2024042504 UV_F     0    0    2.57
2024042505 UV_F     0    0    3.85
2024042506 UV_F     0    0    5.57
2024042507 UV_F     0    0    7.37
2024042508 UV_F     0    0   11.22
2024042509 UV_F     0    0   12.93
2024042510 UV_F     0    0   12.24
2024042511 UV_F     0    0   16.14
2024042512 UV_F     0    0   19.54
2024042513 UV_F     0    0   22.31
2024042514 UV_F     0    0   23.25
2024042515 UV_F     0    0   22.43
2024042516 UV_F     0    0   20.91
2024042517 UV_F     0    0   20.10
2024042518 UV_F     0    0   19.01
2024042519 UV_F     0    0   18.39
2024042520 UV_F     0    0   18.04
2024042521 UV_F     0    0   17.70
2024042522 UV_F     0    0   17.05
2024042523 UV_F     0    0   15.69
2024042600 UV_F     0    0   14.16
2024042601 UV_F     0    0   13.56
2024042602 UV_F     0    0   13.05
2024042603 UV_F     0    0   12.18
2024042604 UV_F     0    0   11.79
2024042605 UV_F     0    0   11.11
2024042606 UV_F     0    0   10.37
2024042607 UV_F     0    0    9.48
2024042608 UV_F     0    0    8.72
2024042609 UV_F     0    0    8.19
2024042610 UV_F     0    0    7.60
2024042611 UV_F     0    0    8.57
2024042612 UV_F     0    0    9.90
2024042613 UV_F     0    0   10.20
2024042614 UV_F     0    0   10.19
2024042615 UV_F     0    0   10.40
2024042616 UV_F     0    0   11.82
2024042617 UV_F     0    0   12.22
2024042618 UV_F     0    0   12.13
2024042619 UV_F     0    0   12.03
2024042620 UV_F     0    0   11.59
2024042621 UV_F     0    0   10.26
2024042622 UV_F     0    0    8.98
2024042623 UV_F     0    0    6.39
2024042700 UV_F     0    0    5.34
2024042701 UV_F     0    0    4.81
2024042702 UV_F     0    0    4.43
2024042703 UV_F     0    0    4.20
2024042704 UV_F     0    0    3.81
2024042705 UV_F     0    0    3.86
2024042706 UV_F     0    0    3.98
2024042707 UV_F     0    0    3.83
2024042708 UV_F     0    0    3.62
2024042709 UV_F     0    0    3.45
2024042710 UV_F     0    0    3.16
2024042711 UV_F     0    0    2.31
2024042712 UV_F     0    0    1.87
2024042713 UV_F     0    0    2.17
2024042714 UV_F     0    0    3.12
2024042715 UV_F     0    0    3.67
2024042716 UV_F     0    0    5.38
2024042717 UV_F     0    0    6.88
2024042718 UV_F     0    0    8.14
2024042719 UV_F     0    0    8.70
2024042720 UV_F     0    0    9.14
2024042721 UV_F     0    0    8.78
2024042722 UV_F     0    0    6.90
2024042723 UV_F     0    0    5.53
2024042800 UV_F     0    0    5.70
2024042801 UV_F     0    0    6.16
2024042802 UV_F     0    0    6.43
2024042803 UV_F     0    0    7.25
2024042804 UV_F     0    0    7.54
2024042805 UV_F     0    0    7.88
2024042806 UV_F     0    0    8.09
2024042807 UV_F     0    0    8.53
2024042808 UV_F     0    0    8.82
2024042809 UV_F     0    0    8.62
2024042810 UV_F     0    0    8.69
2024042811 UV_F     0    0    8.79
2024042812 UV_F     0    0    9.16
2024042813 UV_F     0    0    8.55
2024042814 UV_F     0    0    7.93
2024042815 UV_F     0    0    8.34
2024042816 UV_F     0    0   10.16
2024042817 UV_F     0    0   10.44
2024042818 UV_F     0    0   10.26
2024042819 UV_F     0    0   10.22
2024042820 UV_F     0    0    9.60
2024042821 UV_F     0    0    8.72
2024042822 UV_F     0    0    6.93
2024042823 UV_F     0    0    5.32
2024042900 UV_F     0    0    5.74
2024042901 UV_F     0    0    6.16
2024042902 UV_F     0    0    5.56
2024042903 UV_F     0    0    4.83
2024042904 UV_F     0    0    4.91
2024042905 UV_F     0    0    4.71
2024042906 UV_F     0    0    4.39
2024042907 UV_F     0    0    4.18
2024042908 UV_F     0    0    4.10
2024042909 UV_F     0    0    3.83
2024042910 UV_F     0    0    3.25
2024042911 UV_F     0    0    2.86
2024042912 UV_F     0    0    4.65
2024042913 UV_F     0    0    6.44
2024042914 UV_F     0    0    8.14
2024042915 UV_F     0    0   10.61
2024042916 UV_F     0    0   13.66
2024042917 UV_F     0    0   14.68
2024042918 UV_F     0    0   15.52
2024042919 UV_F     0    0   15.06
2024042920 UV_F     0    0   15.58
2024042921 UV_F     0    0   16.38
2024042922 UV_F     0    0   16.50
2024042923 UV_F     0    0   15.90
2024043000 UV_F     0    0   15.53
2024043001 UV_F     0    0   15.52
2024043002 UV_F     0    0   15.22
2024043003 UV_F     0    0   15.42
2024043004 UV_F     0    0   14.75
2024043005 UV_F     0    0   15.00
2024043006 UV_F     0    0   15.29
2024043007 UV_F     0    0   15.34
2024043008 UV_F     0    0   15.21
2024043009 UV_F     0    0   15.42
2024043010 UV_F     0    0   15.35
2024043011 UV_F     0    0   16.36
2024043012 UV_F     0    0   16.61
2024043013 UV_F     0    0   16.27
2024043014 UV_F     0    0   15.79
2024043015 UV_F     0    0   15.36
2024043016 UV_F     0    0   13.82
2024043017 UV_F     0    0   12.96
2024043018 UV_F     0    0   12.31
2024043019 UV_F     0    0   11.92
2024043020 UV_F     0    0   11.46
2024043021 UV_F     0    0   11.06
2024043022 UV_F     0    0    9.70
2024043023 UV_F     0    0    8.67
