2024010100 UV   75597472    0   13.47
2024010100 WD   75597472    0  304.95
2024010101 UV   75597472    0   11.85
2024010101 WD   75597472    0  308.46
2024010102 UV   75597472    0   12.59
2024010102 WD   75597472    0  312.63
2024010103 UV   75597472    0   11.15
2024010103 WD   75597472    0  316.44
2024010104 UV   75597472    0   10.24
2024010104 WD   75597472    0  318.63
2024010105 UV   75597472    0   11.80
2024010105 WD   75597472    0  313.38
2024010106 UV   75597472    0   10.14
2024010106 WD   75597472    0  315.80
2024010107 UV   75597472    0    9.07
2024010107 WD   75597472    0  316.00
2024010108 UV   75597472    0    8.86
2024010108 WD   75597472    0  317.26
2024010109 UV   75597472    0    9.45
2024010109 WD   75597472    0  317.82
2024010110 UV   75597472    0    8.23
2024010110 WD   75597472    0  333.02
2024010111 UV   75597472    0    8.75
2024010111 WD   75597472    0  326.84
2024010112 UV   75597472    0    8.92
2024010112 WD   75597472    0  328.82
2024010113 UV   75597472    0    8.49
2024010113 WD   75597472    0  328.32
2024010114 UV   75597472    0    8.66
2024010114 WD   75597472    0  330.69
2024010115 UV   75597472    0   10.97
2024010115 WD   75597472    0  333.87
2024010116 UV   75597472    0   10.45
2024010116 WD   75597472    0  330.77
2024010117 UV   75597472    0    9.53
2024010117 WD   75597472    0  314.18
2024010118 UV   75597472    0    9.24
2024010118 WD   75597472    0  295.53
2024010119 UV   75597472    0    8.11
2024010119 WD   75597472    0  298.10
2024010120 UV   75597472    0    6.37
2024010120 WD   75597472    0  302.66
2024010121 UV   75597472    0    2.49
2024010121 WD   75597472    0  287.97
2024010122 UV   75597472    0    2.25
2024010122 WD   75597472    0  282.71
2024010123 UV   75597472    0    2.25
2024010123 WD   75597472    0  154.37
2024010200 UV   75597472    0    1.88
2024010200 WD   75597472    0  203.57
2024010201 UV   75597472    0    3.41
2024010201 WD   75597472    0  196.24
2024010202 UV   75597472    0    2.50
2024010202 WD   75597472    0  187.32
2024010203 UV   75597472    0    3.22
2024010203 WD   75597472    0  216.78
2024010204 UV   75597472    0    2.44
2024010204 WD   75597472    0  221.47
2024010205 UV   75597472    0    2.66
2024010205 WD   75597472    0  185.53
2024010206 UV   75597472    0    3.93
2024010206 WD   75597472    0  201.62
2024010207 UV   75597472    0    3.24
2024010207 WD   75597472    0  247.89
2024010208 UV   75597472    0    2.45
2024010208 WD   75597472    0  235.19
2024010209 UV   75597472    0    4.86
2024010209 WD   75597472    0  206.82
2024010210 UV   75597472    0    4.56
2024010210 WD   75597472    0  196.28
2024010211 UV   75597472    0    5.02
2024010211 WD   75597472    0  211.52
2024010212 UV   75597472    0    4.15
2024010212 WD   75597472    0  202.25
2024010213 UV   75597472    0    4.66
2024010213 WD   75597472    0  189.29
2024010214 UV   75597472    0    5.37
2024010214 WD   75597472    0  208.40
2024010215 UV   75597472    0    4.17
2024010215 WD   75597472    0  222.59
2024010216 UV   75597472    0    5.28
2024010216 WD   75597472    0  256.59
2024010217 UV   75597472    0    4.23
2024010217 WD   75597472    0  272.05
2024010218 UV   75597472    0    4.34
2024010218 WD   75597472    0  292.82
2024010219 UV   75597472    0    2.21
2024010219 WD   75597472    0  328.38
2024010220 UV   75597472    0    1.00
2024010220 WD   75597472    0  343.47
2024010221 UV   75597472    0    1.76
2024010221 WD   75597472    0  163.28
2024010222 UV   75597472    0    2.94
2024010222 WD   75597472    0  155.77
2024010223 UV   75597472    0    2.20
2024010223 WD   75597472    0  204.42
2024010300 UV   75597472    0    2.08
2024010300 WD   75597472    0  240.55
2024010301 UV   75597472    0    5.38
2024010301 WD   75597472    0  254.51
2024010302 UV   75597472    0    4.40
2024010302 WD   75597472    0  258.65
2024010303 UV   75597472    0    5.54
2024010303 WD   75597472    0  259.72
2024010304 UV   75597472    0    3.66
2024010304 WD   75597472    0  222.87
2024010305 UV   75597472    0    3.45
2024010305 WD   75597472    0  244.96
2024010306 UV   75597472    0    3.01
2024010306 WD   75597472    0  258.05
2024010307 UV   75597472    0    4.08
2024010307 WD   75597472    0  227.14
2024010308 UV   75597472    0    4.45
2024010308 WD   75597472    0  236.29
2024010309 UV   75597472    0    5.61
2024010309 WD   75597472    0  230.62
2024010310 UV   75597472    0    3.95
2024010310 WD   75597472    0  224.64
2024010311 UV   75597472    0    3.83
2024010311 WD   75597472    0  228.85
2024010312 UV   75597472    0    3.02
2024010312 WD   75597472    0  235.88
2024010313 UV   75597472    0    4.06
2024010313 WD   75597472    0  237.61
2024010314 UV   75597472    0    4.43
2024010314 WD   75597472    0  238.97
2024010315 UV   75597472    0    4.58
2024010315 WD   75597472    0  232.51
2024010316 UV   75597472    0    3.08
2024010316 WD   75597472    0  264.43
2024010317 UV   75597472    0    2.30
2024010317 WD   75597472    0  352.60
2024010318 UV   75597472    0    4.08
2024010318 WD   75597472    0   18.97
2024010319 UV   75597472    0    6.05
2024010319 WD   75597472    0   49.32
2024010320 UV   75597472    0    6.12
2024010320 WD   75597472    0   45.16
2024010321 UV   75597472    0    3.64
2024010321 WD   75597472    0   50.11
2024010322 UV   75597472    0    4.32
2024010322 WD   75597472    0   80.70
2024010323 UV   75597472    0    4.17
2024010323 WD   75597472    0   99.84
2024010400 UV   75597472    0    4.57
2024010400 WD   75597472    0  106.19
2024010401 UV   75597472    0    3.20
2024010401 WD   75597472    0  124.87
2024010402 UV   75597472    0    1.51
2024010402 WD   75597472    0  192.24
2024010403 UV   75597472    0    3.45
2024010403 WD   75597472    0  209.30
2024010404 UV   75597472    0    3.82
2024010404 WD   75597472    0  214.49
2024010405 UV   75597472    0    2.71
2024010405 WD   75597472    0  234.65
2024010406 UV   75597472    0    3.98
2024010406 WD   75597472    0  216.25
2024010407 UV   75597472    0    5.58
2024010407 WD   75597472    0  213.96
2024010408 UV   75597472    0    4.62
2024010408 WD   75597472    0  195.23
2024010409 UV   75597472    0    6.86
2024010409 WD   75597472    0  208.01
2024010410 UV   75597472    0    5.23
2024010410 WD   75597472    0  222.25
2024010411 UV   75597472    0    3.38
2024010411 WD   75597472    0  233.55
2024010412 UV   75597472    0    4.71
2024010412 WD   75597472    0  241.88
2024010413 UV   75597472    0    2.88
2024010413 WD   75597472    0  260.36
2024010414 UV   75597472    0    4.17
2024010414 WD   75597472    0  262.67
2024010415 UV   75597472    0    2.78
2024010415 WD   75597472    0  244.94
2024010416 UV   75597472    0    2.15
2024010416 WD   75597472    0  216.71
2024010417 UV   75597472    0    0.62
2024010417 WD   75597472    0  111.06
2024010418 UV   75597472    0    2.11
2024010418 WD   75597472    0   76.54
2024010419 UV   75597472    0    2.32
2024010419 WD   75597472    0   70.65
2024010420 UV   75597472    0    2.33
2024010420 WD   75597472    0  108.33
2024010421 UV   75597472    0    3.51
2024010421 WD   75597472    0   90.59
2024010422 UV   75597472    0    1.24
2024010422 WD   75597472    0  137.57
2024010423 UV   75597472    0    1.17
2024010423 WD   75597472    0  139.30
2024010500 UV   75597472    0    1.37
2024010500 WD   75597472    0  151.35
2024010501 UV   75597472    0    3.64
2024010501 WD   75597472    0   97.18
2024010502 UV   75597472    0    5.49
2024010502 WD   75597472    0   98.58
2024010503 UV   75597472    0    2.45
2024010503 WD   75597472    0  315.25
2024010504 UV   75597472    0    5.01
2024010504 WD   75597472    0  314.44
2024010505 UV   75597472    0    9.93
2024010505 WD   75597472    0  296.75
2024010506 UV   75597472    0   11.99
2024010506 WD   75597472    0  289.09
2024010507 UV   75597472    0   13.59
2024010507 WD   75597472    0  299.44
2024010508 UV   75597472    0   15.03
2024010508 WD   75597472    0  298.68
2024010509 UV   75597472    0   16.77
2024010509 WD   75597472    0  299.65
2024010510 UV   75597472    0   16.72
2024010510 WD   75597472    0  301.87
2024010511 UV   75597472    0   17.54
2024010511 WD   75597472    0  313.08
2024010512 UV   75597472    0   19.82
2024010512 WD   75597472    0  309.33
2024010513 UV   75597472    0   16.13
2024010513 WD   75597472    0  313.86
2024010514 UV   75597472    0   18.85
2024010514 WD   75597472    0  316.22
2024010515 UV   75597472    0   18.89
2024010515 WD   75597472    0  314.60
2024010516 UV   75597472    0   18.05
2024010516 WD   75597472    0  319.73
2024010517 UV   75597472    0   17.62
2024010517 WD   75597472    0  310.07
2024010518 UV   75597472    0   15.61
2024010518 WD   75597472    0  301.89
2024010519 UV   75597472    0   13.69
2024010519 WD   75597472    0  301.76
2024010520 UV   75597472    0   15.67
2024010520 WD   75597472    0  303.46
2024010521 UV   75597472    0   13.74
2024010521 WD   75597472    0  288.57
2024010522 UV   75597472    0   12.89
2024010522 WD   75597472    0  290.18
2024010523 UV   75597472    0   12.77
2024010523 WD   75597472    0  296.76
2024010600 UV   75597472    0   12.42
2024010600 WD   75597472    0  305.12
2024010601 UV   75597472    0   13.49
2024010601 WD   75597472    0  315.46
2024010602 UV   75597472    0   12.59
2024010602 WD   75597472    0  311.85
2024010603 UV   75597472    0   14.57
2024010603 WD   75597472    0  314.99
2024010604 UV   75597472    0   12.34
2024010604 WD   75597472    0  329.74
2024010605 UV   75597472    0   15.47
2024010605 WD   75597472    0  326.67
2024010606 UV   75597472    0   16.32
2024010606 WD   75597472    0  329.12
2024010607 UV   75597472    0   15.23
2024010607 WD   75597472    0  330.55
2024010608 UV   75597472    0   16.91
2024010608 WD   75597472    0  331.25
2024010609 UV   75597472    0   16.88
2024010609 WD   75597472    0  328.58
2024010610 UV   75597472    0   16.37
2024010610 WD   75597472    0  322.59
2024010611 UV   75597472    0   16.34
2024010611 WD   75597472    0  324.90
2024010612 UV   75597472    0   14.39
2024010612 WD   75597472    0  316.79
2024010613 UV   75597472    0   13.95
2024010613 WD   75597472    0  313.52
2024010614 UV   75597472    0   17.45
2024010614 WD   75597472    0  311.07
2024010615 UV   75597472    0   15.46
2024010615 WD   75597472    0  310.77
2024010616 UV   75597472    0   15.77
2024010616 WD   75597472    0  302.11
2024010617 UV   75597472    0   16.44
2024010617 WD   75597472    0  297.00
2024010618 UV   75597472    0   14.63
2024010618 WD   75597472    0  302.65
2024010619 UV   75597472    0   15.68
2024010619 WD   75597472    0  303.73
2024010620 UV   75597472    0   13.15
2024010620 WD   75597472    0  303.73
2024010621 UV   75597472    0   11.60
2024010621 WD   75597472    0  295.80
2024010622 UV   75597472    0   12.22
2024010622 WD   75597472    0  297.12
2024010623 UV   75597472    0   13.14
2024010623 WD   75597472    0  310.78
2024010700 UV   75597472    0   15.25
2024010700 WD   75597472    0  317.47
2024010701 UV   75597472    0   14.63
2024010701 WD   75597472    0  312.46
2024010702 UV   75597472    0   13.28
2024010702 WD   75597472    0  317.30
2024010703 UV   75597472    0   11.40
2024010703 WD   75597472    0  312.24
2024010704 UV   75597472    0   12.70
2024010704 WD   75597472    0  316.79
2024010705 UV   75597472    0    8.72
2024010705 WD   75597472    0  324.15
2024010706 UV   75597472    0   10.66
2024010706 WD   75597472    0  326.90
2024010707 UV   75597472    0    7.63
2024010707 WD   75597472    0  325.30
2024010708 UV   75597472    0    7.85
2024010708 WD   75597472    0  306.03
2024010709 UV   75597472    0    7.85
2024010709 WD   75597472    0  319.82
2024010710 UV   75597472    0    8.87
2024010710 WD   75597472    0  329.87
2024010711 UV   75597472    0    4.77
2024010711 WD   75597472    0  346.11
2024010712 UV   75597472    0    6.03
2024010712 WD   75597472    0  337.53
2024010713 UV   75597472    0    6.65
2024010713 WD   75597472    0  327.80
2024010714 UV   75597472    0    5.60
2024010714 WD   75597472    0  316.01
2024010715 UV   75597472    0    7.26
2024010715 WD   75597472    0  307.39
2024010716 UV   75597472    0    6.38
2024010716 WD   75597472    0  328.01
2024010717 UV   75597472    0    7.77
2024010717 WD   75597472    0  342.21
2024010718 UV   75597472    0    7.10
2024010718 WD   75597472    0  332.15
2024010719 UV   75597472    0    7.02
2024010719 WD   75597472    0  333.29
2024010720 UV   75597472    0    7.19
2024010720 WD   75597472    0  318.92
2024010721 UV   75597472    0    4.91
2024010721 WD   75597472    0  312.97
2024010722 UV   75597472    0    6.76
2024010722 WD   75597472    0  312.54
2024010723 UV   75597472    0    7.85
2024010723 WD   75597472    0  324.31
2024010800 UV   75597472    0    7.16
2024010800 WD   75597472    0  326.25
2024010801 UV   75597472    0    7.69
2024010801 WD   75597472    0  334.09
2024010802 UV   75597472    0    7.36
2024010802 WD   75597472    0  344.34
2024010803 UV   75597472    0    7.88
2024010803 WD   75597472    0  353.58
2024010804 UV   75597472    0    7.96
2024010804 WD   75597472    0  354.22
2024010805 UV   75597472    0    7.53
2024010805 WD   75597472    0  348.45
2024010806 UV   75597472    0    6.18
2024010806 WD   75597472    0  343.37
2024010807 UV   75597472    0    6.63
2024010807 WD   75597472    0  337.69
2024010808 UV   75597472    0    7.98
2024010808 WD   75597472    0  338.08
2024010809 UV   75597472    0    8.34
2024010809 WD   75597472    0  339.03
2024010810 UV   75597472    0    7.47
2024010810 WD   75597472    0  325.28
2024010811 UV   75597472    0    6.90
2024010811 WD   75597472    0  342.82
2024010812 UV   75597472    0    8.35
2024010812 WD   75597472    0  343.00
2024010813 UV   75597472    0    8.62
2024010813 WD   75597472    0  329.74
2024010814 UV   75597472    0   11.29
2024010814 WD   75597472    0  334.38
2024010815 UV   75597472    0   14.43
2024010815 WD   75597472    0  324.09
2024010816 UV   75597472    0   15.00
2024010816 WD   75597472    0  315.15
2024010817 UV   75597472    0   11.89
2024010817 WD   75597472    0  315.82
2024010818 UV   75597472    0   12.74
2024010818 WD   75597472    0  309.20
2024010819 UV   75597472    0   12.68
2024010819 WD   75597472    0  307.35
2024010820 UV   75597472    0   10.77
2024010820 WD   75597472    0  311.13
2024010821 UV   75597472    0    8.35
2024010821 WD   75597472    0  303.96
2024010822 UV   75597472    0    7.75
2024010822 WD   75597472    0  310.17
2024010823 UV   75597472    0    8.66
2024010823 WD   75597472    0  301.03
2024010900 UV   75597472    0   11.41
2024010900 WD   75597472    0  291.02
2024010901 UV   75597472    0   12.87
2024010901 WD   75597472    0  291.58
2024010902 UV   75597472    0   12.67
2024010902 WD   75597472    0  289.53
2024010903 UV   75597472    0   12.26
2024010903 WD   75597472    0  292.37
2024010904 UV   75597472    0   14.67
2024010904 WD   75597472    0  293.65
2024010905 UV   75597472    0   14.85
2024010905 WD   75597472    0  302.32
2024010906 UV   75597472    0   17.27
2024010906 WD   75597472    0  298.72
2024010907 UV   75597472    0   14.21
2024010907 WD   75597472    0  299.44
2024010908 UV   75597472    0   16.18
2024010908 WD   75597472    0  294.30
2024010909 UV   75597472    0   14.81
2024010909 WD   75597472    0  303.28
2024010910 UV   75597472    0   17.70
2024010910 WD   75597472    0  310.99
2024010911 UV   75597472    0   17.94
2024010911 WD   75597472    0  313.56
2024010912 UV   75597472    0   16.51
2024010912 WD   75597472    0  307.24
2024010913 UV   75597472    0   16.91
2024010913 WD   75597472    0  305.54
2024010914 UV   75597472    0   19.83
2024010914 WD   75597472    0  309.59
2024010915 UV   75597472    0   19.14
2024010915 WD   75597472    0  310.64
2024010916 UV   75597472    0   18.88
2024010916 WD   75597472    0  306.34
2024010917 UV   75597472    0   15.32
2024010917 WD   75597472    0  298.22
2024010918 UV   75597472    0   14.54
2024010918 WD   75597472    0  299.30
2024010919 UV   75597472    0   14.75
2024010919 WD   75597472    0  298.70
2024010920 UV   75597472    0   12.48
2024010920 WD   75597472    0  296.82
2024010921 UV   75597472    0   10.42
2024010921 WD   75597472    0  287.97
2024010922 UV   75597472    0    9.32
2024010922 WD   75597472    0  294.25
2024010923 UV   75597472    0    8.79
2024010923 WD   75597472    0  303.79
2024011000 UV   75597472    0    9.40
2024011000 WD   75597472    0  305.28
2024011001 UV   75597472    0    7.22
2024011001 WD   75597472    0  315.58
2024011002 UV   75597472    0    6.01
2024011002 WD   75597472    0  318.31
2024011003 UV   75597472    0    4.00
2024011003 WD   75597472    0  312.86
2024011004 UV   75597472    0    1.95
2024011004 WD   75597472    0  278.80
2024011005 UV   75597472    0    3.36
2024011005 WD   75597472    0  229.68
2024011006 UV   75597472    0    3.73
2024011006 WD   75597472    0  203.97
2024011007 UV   75597472    0    2.97
2024011007 WD   75597472    0  196.33
2024011008 UV   75597472    0    4.06
2024011008 WD   75597472    0  180.67
2024011009 UV   75597472    0    6.19
2024011009 WD   75597472    0  175.06
2024011010 UV   75597472    0    5.23
2024011010 WD   75597472    0  146.20
2024011011 UV   75597472    0    7.06
2024011011 WD   75597472    0  157.47
2024011012 UV   75597472    0    9.23
2024011012 WD   75597472    0  140.10
2024011013 UV   75597472    0   14.25
2024011013 WD   75597472    0  131.30
2024011014 UV   75597472    0   17.43
2024011014 WD   75597472    0  127.19
2024011015 UV   75597472    0   18.29
2024011015 WD   75597472    0  128.39
2024011016 UV   75597472    0   21.19
2024011016 WD   75597472    0  125.94
2024011017 UV   75597472    0   21.38
2024011017 WD   75597472    0  120.21
2024011018 UV   75597472    0   22.62
2024011018 WD   75597472    0  122.41
2024011019 UV   75597472    0   21.65
2024011019 WD   75597472    0  120.95
2024011020 UV   75597472    0   24.23
2024011020 WD   75597472    0  118.01
2024011021 UV   75597472    0   22.88
2024011021 WD   75597472    0  121.89
2024011022 UV   75597472    0   20.41
2024011022 WD   75597472    0  130.01
2024011023 UV   75597472    0   17.54
2024011023 WD   75597472    0  130.36
2024011100 UV   75597472    0   14.85
2024011100 WD   75597472    0  113.05
2024011101 UV   75597472    0   15.91
2024011101 WD   75597472    0  112.75
2024011102 UV   75597472    0   16.44
2024011102 WD   75597472    0  112.31
2024011103 UV   75597472    0   12.58
2024011103 WD   75597472    0  113.40
2024011104 UV   75597472    0    7.29
2024011104 WD   75597472    0  115.69
2024011105 UV   75597472    0    8.10
2024011105 WD   75597472    0  106.61
2024011106 UV   75597472    0    6.95
2024011106 WD   75597472    0   84.95
2024011107 UV   75597472    0    2.13
2024011107 WD   75597472    0    7.69
2024011108 UV   75597472    0    4.47
2024011108 WD   75597472    0  352.37
2024011109 UV   75597472    0    5.40
2024011109 WD   75597472    0  308.82
2024011110 UV   75597472    0    3.94
2024011110 WD   75597472    0  279.51
2024011111 UV   75597472    0    5.37
2024011111 WD   75597472    0  289.04
2024011112 UV   75597472    0    1.46
2024011112 WD   75597472    0  263.79
2024011113 UV   75597472    0    4.44
2024011113 WD   75597472    0  211.06
2024011114 UV   75597472    0    2.19
2024011114 WD   75597472    0  216.34
2024011115 UV   75597472    0    5.89
2024011115 WD   75597472    0  242.53
2024011116 UV   75597472    0    2.73
2024011116 WD   75597472    0  193.76
2024011117 UV   75597472    0    3.14
2024011117 WD   75597472    0  217.16
2024011118 UV   75597472    0    5.30
2024011118 WD   75597472    0  246.82
2024011119 UV   75597472    0    3.84
2024011119 WD   75597472    0  327.29
2024011120 UV   75597472    0    7.83
2024011120 WD   75597472    0  319.61
2024011121 UV   75597472    0    5.91
2024011121 WD   75597472    0  326.90
2024011122 UV   75597472    0    2.81
2024011122 WD   75597472    0  349.94
2024011123 UV   75597472    0    0.67
2024011123 WD   75597472    0  347.22
2024011200 UV   75597472    0    1.83
2024011200 WD   75597472    0  239.78
2024011201 UV   75597472    0    2.15
2024011201 WD   75597472    0  274.49
2024011202 UV   75597472    0    3.14
2024011202 WD   75597472    0  271.61
2024011203 UV   75597472    0    8.72
2024011203 WD   75597472    0  256.96
2024011204 UV   75597472    0    3.06
2024011204 WD   75597472    0  269.08
2024011205 UV   75597472    0    4.48
2024011205 WD   75597472    0  300.18
2024011206 UV   75597472    0    4.85
2024011206 WD   75597472    0  305.62
2024011207 UV   75597472    0    1.91
2024011207 WD   75597472    0  282.13
2024011208 UV   75597472    0    4.08
2024011208 WD   75597472    0  295.34
2024011209 UV   75597472    0    4.84
2024011209 WD   75597472    0  270.57
2024011210 UV   75597472    0    6.64
2024011210 WD   75597472    0  265.04
2024011211 UV   75597472    0    7.55
2024011211 WD   75597472    0  273.67
2024011212 UV   75597472    0    7.59
2024011212 WD   75597472    0  289.90
2024011213 UV   75597472    0    9.08
2024011213 WD   75597472    0  277.77
2024011214 UV   75597472    0   10.06
2024011214 WD   75597472    0  276.83
2024011215 UV   75597472    0   12.13
2024011215 WD   75597472    0  284.61
2024011216 UV   75597472    0   11.24
2024011216 WD   75597472    0  288.71
2024011217 UV   75597472    0   12.76
2024011217 WD   75597472    0  279.58
2024011218 UV   75597472    0   12.98
2024011218 WD   75597472    0  276.76
2024011219 UV   75597472    0   11.49
2024011219 WD   75597472    0  281.41
2024011220 UV   75597472    0   11.29
2024011220 WD   75597472    0  278.55
2024011221 UV   75597472    0    8.86
2024011221 WD   75597472    0  295.91
2024011222 UV   75597472    0   10.16
2024011222 WD   75597472    0  287.91
2024011223 UV   75597472    0   10.09
2024011223 WD   75597472    0  284.72
2024011300 UV   75597472    0    9.95
2024011300 WD   75597472    0  293.04
2024011301 UV   75597472    0   11.78
2024011301 WD   75597472    0  296.38
2024011302 UV   75597472    0   10.84
2024011302 WD   75597472    0  293.58
2024011303 UV   75597472    0   10.40
2024011303 WD   75597472    0  292.86
2024011304 UV   75597472    0   10.01
2024011304 WD   75597472    0  296.04
2024011305 UV   75597472    0    8.64
2024011305 WD   75597472    0  281.61
2024011306 UV   75597472    0    9.82
2024011306 WD   75597472    0  287.79
2024011307 UV   75597472    0    7.47
2024011307 WD   75597472    0  298.86
2024011308 UV   75597472    0    6.63
2024011308 WD   75597472    0  317.29
2024011309 UV   75597472    0    5.81
2024011309 WD   75597472    0  295.44
2024011310 UV   75597472    0    4.94
2024011310 WD   75597472    0  278.05
2024011311 UV   75597472    0    3.24
2024011311 WD   75597472    0  262.33
2024011312 UV   75597472    0    5.24
2024011312 WD   75597472    0  239.61
2024011313 UV   75597472    0    6.02
2024011313 WD   75597472    0  238.78
2024011314 UV   75597472    0    3.82
2024011314 WD   75597472    0  214.99
2024011315 UV   75597472    0    4.33
2024011315 WD   75597472    0  191.03
2024011316 UV   75597472    0    6.77
2024011316 WD   75597472    0  143.16
2024011317 UV   75597472    0    7.97
2024011317 WD   75597472    0  135.81
2024011318 UV   75597472    0    6.63
2024011318 WD   75597472    0  137.03
2024011319 UV   75597472    0   11.51
2024011319 WD   75597472    0  127.72
2024011320 UV   75597472    0   12.23
2024011320 WD   75597472    0  122.61
2024011321 UV   75597472    0   15.10
2024011321 WD   75597472    0  110.77
2024011322 UV   75597472    0   17.69
2024011322 WD   75597472    0  117.78
2024011323 UV   75597472    0   21.01
2024011323 WD   75597472    0  111.39
2024011400 UV   75597472    0   21.11
2024011400 WD   75597472    0  113.56
2024011401 UV   75597472    0   23.62
2024011401 WD   75597472    0  120.84
2024011402 UV   75597472    0   22.57
2024011402 WD   75597472    0  122.91
2024011403 UV   75597472    0   21.65
2024011403 WD   75597472    0  123.75
2024011404 UV   75597472    0   22.21
2024011404 WD   75597472    0  129.15
2024011405 UV   75597472    0   21.35
2024011405 WD   75597472    0  133.35
2024011406 UV   75597472    0   22.05
2024011406 WD   75597472    0  137.22
2024011407 UV   75597472    0   22.35
2024011407 WD   75597472    0  136.55
2024011408 UV   75597472    0   20.06
2024011408 WD   75597472    0  146.27
2024011409 UV   75597472    0   16.97
2024011409 WD   75597472    0  154.78
2024011410 UV   75597472    0    3.44
2024011410 WD   75597472    0  189.31
2024011411 UV   75597472    0    8.78
2024011411 WD   75597472    0  239.38
2024011412 UV   75597472    0    5.61
2024011412 WD   75597472    0  267.33
2024011413 UV   75597472    0    6.45
2024011413 WD   75597472    0  227.71
2024011414 UV   75597472    0    8.88
2024011414 WD   75597472    0  222.58
2024011415 UV   75597472    0    8.51
2024011415 WD   75597472    0  229.39
2024011416 UV   75597472    0    7.03
2024011416 WD   75597472    0  223.57
2024011417 UV   75597472    0   11.52
2024011417 WD   75597472    0  223.47
2024011418 UV   75597472    0   12.29
2024011418 WD   75597472    0  223.91
2024011419 UV   75597472    0   10.08
2024011419 WD   75597472    0  217.11
2024011420 UV   75597472    0   10.92
2024011420 WD   75597472    0  218.53
2024011421 UV   75597472    0    9.25
2024011421 WD   75597472    0  225.93
2024011422 UV   75597472    0    5.17
2024011422 WD   75597472    0  221.52
2024011423 UV   75597472    0    2.87
2024011423 WD   75597472    0  229.27
2024011500 UV   75597472    0    2.88
2024011500 WD   75597472    0  257.22
2024011501 UV   75597472    0    4.57
2024011501 WD   75597472    0  220.72
2024011502 UV   75597472    0    2.61
2024011502 WD   75597472    0  194.24
2024011503 UV   75597472    0    2.28
2024011503 WD   75597472    0  122.89
2024011504 UV   75597472    0    3.71
2024011504 WD   75597472    0  149.08
2024011505 UV   75597472    0    4.08
2024011505 WD   75597472    0  165.94
2024011506 UV   75597472    0    3.88
2024011506 WD   75597472    0  234.96
2024011507 UV   75597472    0    2.40
2024011507 WD   75597472    0  249.56
2024011508 UV   75597472    0    5.54
2024011508 WD   75597472    0  255.00
2024011509 UV   75597472    0    5.10
2024011509 WD   75597472    0  248.94
2024011510 UV   75597472    0    7.27
2024011510 WD   75597472    0  277.99
2024011511 UV   75597472    0    6.19
2024011511 WD   75597472    0  296.69
2024011512 UV   75597472    0    7.07
2024011512 WD   75597472    0  288.05
2024011513 UV   75597472    0    7.48
2024011513 WD   75597472    0  288.80
2024011514 UV   75597472    0    8.80
2024011514 WD   75597472    0  299.21
2024011515 UV   75597472    0    7.69
2024011515 WD   75597472    0  300.28
2024011516 UV   75597472    0    8.67
2024011516 WD   75597472    0  297.70
2024011517 UV   75597472    0    6.16
2024011517 WD   75597472    0  302.20
2024011518 UV   75597472    0    5.29
2024011518 WD   75597472    0  293.01
2024011519 UV   75597472    0    5.86
2024011519 WD   75597472    0  269.60
2024011520 UV   75597472    0    3.20
2024011520 WD   75597472    0  277.78
2024011521 UV   75597472    0    4.96
2024011521 WD   75597472    0  254.59
2024011522 UV   75597472    0    5.47
2024011522 WD   75597472    0  254.30
2024011523 UV   75597472    0    3.26
2024011523 WD   75597472    0  259.53
2024011600 UV   75597472    0    2.89
2024011600 WD   75597472    0  265.09
2024011601 UV   75597472    0    3.89
2024011601 WD   75597472    0  267.77
2024011602 UV   75597472    0    4.89
2024011602 WD   75597472    0  256.37
2024011603 UV   75597472    0    4.02
2024011603 WD   75597472    0  236.77
2024011604 UV   75597472    0    3.62
2024011604 WD   75597472    0  282.87
2024011605 UV   75597472    0    4.63
2024011605 WD   75597472    0  277.96
2024011606 UV   75597472    0    6.36
2024011606 WD   75597472    0  262.03
2024011607 UV   75597472    0    5.42
2024011607 WD   75597472    0  264.10
2024011608 UV   75597472    0    4.27
2024011608 WD   75597472    0  231.21
2024011609 UV   75597472    0    4.43
2024011609 WD   75597472    0  247.85
2024011610 UV   75597472    0    4.55
2024011610 WD   75597472    0  225.85
2024011611 UV   75597472    0    4.75
2024011611 WD   75597472    0  220.11
2024011612 UV   75597472    0    5.81
2024011612 WD   75597472    0  217.10
2024011613 UV   75597472    0    4.29
2024011613 WD   75597472    0  223.55
2024011614 UV   75597472    0    5.03
2024011614 WD   75597472    0  204.40
2024011615 UV   75597472    0    5.84
2024011615 WD   75597472    0  207.24
2024011616 UV   75597472    0    5.60
2024011616 WD   75597472    0  208.79
2024011617 UV   75597472    0    6.52
2024011617 WD   75597472    0  195.14
2024011618 UV   75597472    0    4.94
2024011618 WD   75597472    0  193.61
2024011619 UV   75597472    0    2.98
2024011619 WD   75597472    0  161.14
2024011620 UV   75597472    0    4.44
2024011620 WD   75597472    0  135.96
2024011621 UV   75597472    0    2.29
2024011621 WD   75597472    0  133.63
2024011622 UV   75597472    0    3.11
2024011622 WD   75597472    0  144.95
2024011623 UV   75597472    0    4.50
2024011623 WD   75597472    0  119.68
2024011700 UV   75597472    0    5.42
2024011700 WD   75597472    0  136.79
2024011701 UV   75597472    0   10.73
2024011701 WD   75597472    0  118.48
2024011702 UV   75597472    0   16.18
2024011702 WD   75597472    0  115.28
2024011703 UV   75597472    0   17.92
2024011703 WD   75597472    0  102.31
2024011704 UV   75597472    0   20.73
2024011704 WD   75597472    0   94.91
2024011705 UV   75597472    0   22.47
2024011705 WD   75597472    0   88.14
2024011706 UV   75597472    0   24.66
2024011706 WD   75597472    0   91.11
2024011707 UV   75597472    0   24.13
2024011707 WD   75597472    0   83.38
2024011708 UV   75597472    0   23.27
2024011708 WD   75597472    0   76.94
2024011709 UV   75597472    0   21.52
2024011709 WD   75597472    0   80.03
2024011710 UV   75597472    0   16.15
2024011710 WD   75597472    0   59.81
2024011711 UV   75597472    0   15.20
2024011711 WD   75597472    0   22.23
2024011712 UV   75597472    0   18.08
2024011712 WD   75597472    0    0.32
2024011713 UV   75597472    0   22.26
2024011713 WD   75597472    0  350.27
2024011714 UV   75597472    0   17.90
2024011714 WD   75597472    0  335.10
2024011715 UV   75597472    0   17.00
2024011715 WD   75597472    0  333.06
2024011716 UV   75597472    0   17.08
2024011716 WD   75597472    0  330.55
2024011717 UV   75597472    0   19.10
2024011717 WD   75597472    0  323.18
2024011718 UV   75597472    0   15.48
2024011718 WD   75597472    0  306.80
2024011719 UV   75597472    0   15.93
2024011719 WD   75597472    0  299.58
2024011720 UV   75597472    0   16.83
2024011720 WD   75597472    0  298.53
2024011721 UV   75597472    0   12.92
2024011721 WD   75597472    0  298.41
2024011722 UV   75597472    0   12.72
2024011722 WD   75597472    0  285.84
2024011723 UV   75597472    0   14.12
2024011723 WD   75597472    0  290.33
2024011800 UV   75597472    0   10.31
2024011800 WD   75597472    0  285.70
2024011801 UV   75597472    0   11.14
2024011801 WD   75597472    0  280.41
2024011802 UV   75597472    0    9.76
2024011802 WD   75597472    0  283.53
2024011803 UV   75597472    0   11.15
2024011803 WD   75597472    0  277.43
2024011804 UV   75597472    0   10.03
2024011804 WD   75597472    0  274.82
2024011805 UV   75597472    0   10.02
2024011805 WD   75597472    0  269.49
2024011806 UV   75597472    0   10.64
2024011806 WD   75597472    0  273.91
2024011807 UV   75597472    0   10.84
2024011807 WD   75597472    0  278.11
2024011808 UV   75597472    0   10.47
2024011808 WD   75597472    0  278.75
2024011809 UV   75597472    0   10.05
2024011809 WD   75597472    0  276.94
2024011810 UV   75597472    0   11.43
2024011810 WD   75597472    0  275.35
2024011811 UV   75597472    0   11.97
2024011811 WD   75597472    0  275.87
2024011812 UV   75597472    0    9.75
2024011812 WD   75597472    0  285.22
2024011813 UV   75597472    0   12.41
2024011813 WD   75597472    0  274.15
2024011814 UV   75597472    0   12.77
2024011814 WD   75597472    0  278.03
2024011815 UV   75597472    0   17.45
2024011815 WD   75597472    0  274.75
2024011816 UV   75597472    0   17.64
2024011816 WD   75597472    0  273.00
2024011817 UV   75597472    0   16.63
2024011817 WD   75597472    0  277.39
2024011818 UV   75597472    0   18.20
2024011818 WD   75597472    0  267.24
2024011819 UV   75597472    0   16.05
2024011819 WD   75597472    0  271.38
2024011820 UV   75597472    0   16.32
2024011820 WD   75597472    0  266.32
2024011821 UV   75597472    0   14.77
2024011821 WD   75597472    0  262.75
2024011822 UV   75597472    0   16.27
2024011822 WD   75597472    0  262.23
2024011823 UV   75597472    0   16.18
2024011823 WD   75597472    0  263.54
2024011900 UV   75597472    0   15.59
2024011900 WD   75597472    0  267.43
2024011901 UV   75597472    0   13.91
2024011901 WD   75597472    0  267.01
2024011902 UV   75597472    0   14.74
2024011902 WD   75597472    0  263.42
2024011903 UV   75597472    0   17.35
2024011903 WD   75597472    0  260.41
2024011904 UV   75597472    0   18.45
2024011904 WD   75597472    0  266.33
2024011905 UV   75597472    0   15.36
2024011905 WD   75597472    0  271.53
2024011906 UV   75597472    0   14.32
2024011906 WD   75597472    0  273.17
2024011907 UV   75597472    0   11.63
2024011907 WD   75597472    0  272.59
2024011908 UV   75597472    0   11.91
2024011908 WD   75597472    0  278.44
2024011909 UV   75597472    0   12.56
2024011909 WD   75597472    0  280.57
2024011910 UV   75597472    0   12.12
2024011910 WD   75597472    0  280.03
2024011911 UV   75597472    0   12.32
2024011911 WD   75597472    0  275.56
2024011912 UV   75597472    0   11.97
2024011912 WD   75597472    0  282.53
2024011913 UV   75597472    0   13.74
2024011913 WD   75597472    0  282.72
2024011914 UV   75597472    0   12.43
2024011914 WD   75597472    0  284.22
2024011915 UV   75597472    0   14.64
2024011915 WD   75597472    0  289.88
2024011916 UV   75597472    0   14.03
2024011916 WD   75597472    0  279.52
2024011917 UV   75597472    0   15.55
2024011917 WD   75597472    0  285.54
2024011918 UV   75597472    0   13.97
2024011918 WD   75597472    0  298.86
2024011919 UV   75597472    0   13.65
2024011919 WD   75597472    0  298.49
2024011920 UV   75597472    0   13.59
2024011920 WD   75597472    0  300.43
2024011921 UV   75597472    0   11.36
2024011921 WD   75597472    0  300.42
2024011922 UV   75597472    0   10.82
2024011922 WD   75597472    0  310.75
2024011923 UV   75597472    0   11.42
2024011923 WD   75597472    0  307.39
2024012000 UV   75597472    0   12.27
2024012000 WD   75597472    0  314.10
2024012001 UV   75597472    0   11.74
2024012001 WD   75597472    0  309.23
2024012002 UV   75597472    0   12.17
2024012002 WD   75597472    0  310.53
2024012003 UV   75597472    0   12.45
2024012003 WD   75597472    0  309.56
2024012004 UV   75597472    0   12.29
2024012004 WD   75597472    0  308.01
2024012005 UV   75597472    0   11.61
2024012005 WD   75597472    0  309.86
2024012006 UV   75597472    0   10.97
2024012006 WD   75597472    0  301.42
2024012007 UV   75597472    0    9.33
2024012007 WD   75597472    0  300.80
2024012008 UV   75597472    0    9.32
2024012008 WD   75597472    0  317.71
2024012009 UV   75597472    0    7.79
2024012009 WD   75597472    0  318.46
2024012010 UV   75597472    0    8.70
2024012010 WD   75597472    0  320.19
2024012011 UV   75597472    0    8.56
2024012011 WD   75597472    0  327.34
2024012012 UV   75597472    0    8.81
2024012012 WD   75597472    0  340.55
2024012013 UV   75597472    0   10.57
2024012013 WD   75597472    0  344.66
2024012014 UV   75597472    0   11.09
2024012014 WD   75597472    0  340.93
2024012015 UV   75597472    0   11.34
2024012015 WD   75597472    0  342.33
2024012016 UV   75597472    0   11.33
2024012016 WD   75597472    0  349.52
2024012017 UV   75597472    0    9.78
2024012017 WD   75597472    0  343.53
2024012018 UV   75597472    0   11.12
2024012018 WD   75597472    0  345.82
2024012019 UV   75597472    0    9.87
2024012019 WD   75597472    0  347.05
2024012020 UV   75597472    0    8.04
2024012020 WD   75597472    0  346.94
2024012021 UV   75597472    0    7.69
2024012021 WD   75597472    0  348.82
2024012022 UV   75597472    0    7.09
2024012022 WD   75597472    0  336.66
2024012023 UV   75597472    0    8.08
2024012023 WD   75597472    0  340.28
2024012100 UV   75597472    0    7.87
2024012100 WD   75597472    0  336.37
2024012101 UV   75597472    0    6.37
2024012101 WD   75597472    0  319.83
2024012102 UV   75597472    0    4.82
2024012102 WD   75597472    0  336.49
2024012103 UV   75597472    0    5.05
2024012103 WD   75597472    0   27.33
2024012104 UV   75597472    0    6.33
2024012104 WD   75597472    0   18.47
2024012105 UV   75597472    0    5.41
2024012105 WD   75597472    0    5.71
2024012106 UV   75597472    0    6.44
2024012106 WD   75597472    0  355.61
2024012107 UV   75597472    0    5.73
2024012107 WD   75597472    0  350.68
2024012108 UV   75597472    0    5.51
2024012108 WD   75597472    0  348.59
2024012109 UV   75597472    0    5.73
2024012109 WD   75597472    0  347.15
2024012110 UV   75597472    0    6.93
2024012110 WD   75597472    0  342.30
2024012111 UV   75597472    0    8.60
2024012111 WD   75597472    0  340.91
2024012112 UV   75597472    0    7.07
2024012112 WD   75597472    0  333.96
2024012113 UV   75597472    0    7.29
2024012113 WD   75597472    0  320.09
2024012114 UV   75597472    0    8.54
2024012114 WD   75597472    0  352.09
2024012115 UV   75597472    0    8.28
2024012115 WD   75597472    0  340.43
2024012116 UV   75597472    0   10.80
2024012116 WD   75597472    0  345.39
2024012117 UV   75597472    0   11.29
2024012117 WD   75597472    0  328.39
2024012118 UV   75597472    0   12.38
2024012118 WD   75597472    0  308.25
2024012119 UV   75597472    0   12.54
2024012119 WD   75597472    0  311.95
2024012120 UV   75597472    0   10.75
2024012120 WD   75597472    0  315.71
2024012121 UV   75597472    0   11.54
2024012121 WD   75597472    0  294.09
2024012122 UV   75597472    0   10.55
2024012122 WD   75597472    0  286.88
2024012123 UV   75597472    0   11.02
2024012123 WD   75597472    0  281.45
2024012200 UV   75597472    0   10.78
2024012200 WD   75597472    0  279.86
2024012201 UV   75597472    0    9.90
2024012201 WD   75597472    0  278.93
2024012202 UV   75597472    0   10.29
2024012202 WD   75597472    0  297.00
2024012203 UV   75597472    0   11.69
2024012203 WD   75597472    0  309.33
2024012204 UV   75597472    0   12.34
2024012204 WD   75597472    0  310.31
2024012205 UV   75597472    0   13.26
2024012205 WD   75597472    0  316.64
2024012206 UV   75597472    0   12.84
2024012206 WD   75597472    0  312.53
2024012207 UV   75597472    0    9.53
2024012207 WD   75597472    0  310.87
2024012208 UV   75597472    0    7.22
2024012208 WD   75597472    0  302.78
2024012209 UV   75597472    0    8.26
2024012209 WD   75597472    0  301.40
2024012210 UV   75597472    0    7.37
2024012210 WD   75597472    0  286.95
2024012211 UV   75597472    0    2.90
2024012211 WD   75597472    0  289.45
2024012212 UV   75597472    0    2.75
2024012212 WD   75597472    0  253.28
2024012213 UV   75597472    0    3.08
2024012213 WD   75597472    0  224.70
2024012214 UV   75597472    0    2.24
2024012214 WD   75597472    0  190.15
2024012215 UV   75597472    0    2.88
2024012215 WD   75597472    0  170.44
2024012216 UV   75597472    0    2.32
2024012216 WD   75597472    0  248.29
2024012217 UV   75597472    0    2.68
2024012217 WD   75597472    0  269.15
2024012218 UV   75597472    0    1.77
2024012218 WD   75597472    0  239.25
2024012219 UV   75597472    0    3.53
2024012219 WD   75597472    0  251.99
2024012220 UV   75597472    0    1.35
2024012220 WD   75597472    0  206.29
2024012221 UV   75597472    0    5.15
2024012221 WD   75597472    0  235.75
2024012222 UV   75597472    0    8.66
2024012222 WD   75597472    0  242.14
2024012223 UV   75597472    0    7.45
2024012223 WD   75597472    0  252.26
2024012300 UV   75597472    0    7.07
2024012300 WD   75597472    0  241.51
2024012301 UV   75597472    0    6.48
2024012301 WD   75597472    0  240.72
2024012302 UV   75597472    0    6.09
2024012302 WD   75597472    0  231.36
2024012303 UV   75597472    0    9.26
2024012303 WD   75597472    0  236.04
2024012304 UV   75597472    0    9.79
2024012304 WD   75597472    0  244.97
2024012305 UV   75597472    0    9.78
2024012305 WD   75597472    0  244.22
2024012306 UV   75597472    0   10.94
2024012306 WD   75597472    0  239.55
2024012307 UV   75597472    0    8.96
2024012307 WD   75597472    0  237.56
2024012308 UV   75597472    0   10.89
2024012308 WD   75597472    0  240.10
2024012309 UV   75597472    0   10.38
2024012309 WD   75597472    0  230.90
2024012310 UV   75597472    0    9.55
2024012310 WD   75597472    0  302.35
2024012311 UV   75597472    0   19.06
2024012311 WD   75597472    0  309.13
2024012312 UV   75597472    0   22.56
2024012312 WD   75597472    0  317.85
2024012313 UV   75597472    0   24.83
2024012313 WD   75597472    0  311.16
2024012314 UV   75597472    0   25.92
2024012314 WD   75597472    0  310.71
2024012315 UV   75597472    0   22.93
2024012315 WD   75597472    0  308.83
2024012316 UV   75597472    0   21.85
2024012316 WD   75597472    0  308.22
2024012317 UV   75597472    0   23.99
2024012317 WD   75597472    0  311.09
2024012318 UV   75597472    0   22.12
2024012318 WD   75597472    0  311.07
2024012319 UV   75597472    0   19.86
2024012319 WD   75597472    0  306.71
2024012320 UV   75597472    0   17.72
2024012320 WD   75597472    0  305.38
2024012321 UV   75597472    0   16.16
2024012321 WD   75597472    0  299.54
2024012322 UV   75597472    0   15.36
2024012322 WD   75597472    0  301.77
2024012323 UV   75597472    0   15.43
2024012323 WD   75597472    0  306.59
2024012400 UV   75597472    0   17.29
2024012400 WD   75597472    0  310.65
2024012401 UV   75597472    0   18.73
2024012401 WD   75597472    0  315.62
2024012402 UV   75597472    0   16.93
2024012402 WD   75597472    0  309.47
2024012403 UV   75597472    0   17.73
2024012403 WD   75597472    0  306.28
2024012404 UV   75597472    0   15.20
2024012404 WD   75597472    0  304.80
2024012405 UV   75597472    0   13.87
2024012405 WD   75597472    0  302.97
2024012406 UV   75597472    0   11.75
2024012406 WD   75597472    0  291.06
2024012407 UV   75597472    0   12.45
2024012407 WD   75597472    0  294.33
2024012408 UV   75597472    0   11.71
2024012408 WD   75597472    0  293.49
2024012409 UV   75597472    0   10.01
2024012409 WD   75597472    0  297.77
2024012410 UV   75597472    0    8.32
2024012410 WD   75597472    0  306.26
2024012411 UV   75597472    0    7.72
2024012411 WD   75597472    0  307.80
2024012412 UV   75597472    0    6.03
2024012412 WD   75597472    0  303.87
2024012413 UV   75597472    0    4.55
2024012413 WD   75597472    0  272.27
2024012414 UV   75597472    0    1.04
2024012414 WD   75597472    0  296.34
2024012415 UV   75597472    0    3.04
2024012415 WD   75597472    0  223.73
2024012416 UV   75597472    0    2.67
2024012416 WD   75597472    0  215.63
2024012417 UV   75597472    0    5.52
2024012417 WD   75597472    0  179.23
2024012418 UV   75597472    0    3.93
2024012418 WD   75597472    0  185.97
2024012419 UV   75597472    0    4.93
2024012419 WD   75597472    0  189.92
2024012420 UV   75597472    0    3.78
2024012420 WD   75597472    0  186.17
2024012421 UV   75597472    0    3.81
2024012421 WD   75597472    0  212.95
2024012422 UV   75597472    0    8.23
2024012422 WD   75597472    0  249.84
2024012423 UV   75597472    0    9.41
2024012423 WD   75597472    0  259.80
2024012500 UV   75597472    0    6.79
2024012500 WD   75597472    0  259.32
2024012501 UV   75597472    0   11.13
2024012501 WD   75597472    0  240.12
2024012502 UV   75597472    0    8.80
2024012502 WD   75597472    0  239.27
2024012503 UV   75597472    0    9.65
2024012503 WD   75597472    0  244.88
2024012504 UV   75597472    0    9.53
2024012504 WD   75597472    0  239.89
2024012505 UV   75597472    0   10.77
2024012505 WD   75597472    0  227.63
2024012506 UV   75597472    0    9.45
2024012506 WD   75597472    0  232.03
2024012507 UV   75597472    0   10.66
2024012507 WD   75597472    0  239.80
2024012508 UV   75597472    0    9.30
2024012508 WD   75597472    0  250.38
2024012509 UV   75597472    0    7.98
2024012509 WD   75597472    0  222.87
2024012510 UV   75597472    0    5.51
2024012510 WD   75597472    0  243.35
2024012511 UV   75597472    0    5.03
2024012511 WD   75597472    0  257.81
2024012512 UV   75597472    0    3.27
2024012512 WD   75597472    0  266.03
2024012513 UV   75597472    0    6.33
2024012513 WD   75597472    0  271.20
2024012514 UV   75597472    0   10.83
2024012514 WD   75597472    0  309.43
2024012515 UV   75597472    0   11.69
2024012515 WD   75597472    0  306.77
2024012516 UV   75597472    0   16.51
2024012516 WD   75597472    0  324.96
2024012517 UV   75597472    0   15.00
2024012517 WD   75597472    0  333.73
2024012518 UV   75597472    0   16.22
2024012518 WD   75597472    0  344.06
2024012519 UV   75597472    0   14.72
2024012519 WD   75597472    0  341.28
2024012520 UV   75597472    0   13.12
2024012520 WD   75597472    0  342.36
2024012521 UV   75597472    0   12.10
2024012521 WD   75597472    0  345.26
2024012522 UV   75597472    0    8.94
2024012522 WD   75597472    0  351.20
2024012523 UV   75597472    0    8.37
2024012523 WD   75597472    0  355.82
2024012600 UV   75597472    0    7.22
2024012600 WD   75597472    0    0.78
2024012601 UV   75597472    0    6.60
2024012601 WD   75597472    0   14.83
2024012602 UV   75597472    0    4.18
2024012602 WD   75597472    0  351.74
2024012603 UV   75597472    0    2.78
2024012603 WD   75597472    0  315.82
2024012604 UV   75597472    0    0.43
2024012604 WD   75597472    0    3.75
2024012605 UV   75597472    0    1.17
2024012605 WD   75597472    0   90.41
2024012606 UV   75597472    0    1.94
2024012606 WD   75597472    0  114.22
2024012607 UV   75597472    0    3.29
2024012607 WD   75597472    0  165.60
2024012608 UV   75597472    0    5.35
2024012608 WD   75597472    0  192.58
2024012609 UV   75597472    0    5.88
2024012609 WD   75597472    0  199.93
2024012610 UV   75597472    0    4.79
2024012610 WD   75597472    0  202.53
2024012611 UV   75597472    0    4.63
2024012611 WD   75597472    0  212.77
2024012612 UV   75597472    0    7.38
2024012612 WD   75597472    0  214.74
2024012613 UV   75597472    0    9.49
2024012613 WD   75597472    0  219.72
2024012614 UV   75597472    0    8.57
2024012614 WD   75597472    0  224.97
2024012615 UV   75597472    0    7.28
2024012615 WD   75597472    0  215.14
2024012616 UV   75597472    0    3.91
2024012616 WD   75597472    0  218.03
2024012617 UV   75597472    0    3.79
2024012617 WD   75597472    0  211.16
2024012618 UV   75597472    0    4.16
2024012618 WD   75597472    0  216.88
2024012619 UV   75597472    0    2.18
2024012619 WD   75597472    0  177.57
2024012620 UV   75597472    0    1.39
2024012620 WD   75597472    0   80.72
2024012621 UV   75597472    0    1.32
2024012621 WD   75597472    0  306.47
2024012622 UV   75597472    0    5.01
2024012622 WD   75597472    0  350.87
2024012623 UV   75597472    0    2.78
2024012623 WD   75597472    0  343.43
2024012700 UV   75597472    0    1.74
2024012700 WD   75597472    0  334.45
2024012701 UV   75597472    0    1.59
2024012701 WD   75597472    0  290.58
2024012702 UV   75597472    0    2.52
2024012702 WD   75597472    0  277.12
2024012703 UV   75597472    0    2.49
2024012703 WD   75597472    0  301.17
2024012704 UV   75597472    0    3.22
2024012704 WD   75597472    0  297.32
2024012705 UV   75597472    0    3.99
2024012705 WD   75597472    0  286.36
2024012706 UV   75597472    0    6.18
2024012706 WD   75597472    0  271.31
2024012707 UV   75597472    0    6.02
2024012707 WD   75597472    0  295.74
2024012708 UV   75597472    0    5.12
2024012708 WD   75597472    0  283.06
2024012709 UV   75597472    0    4.08
2024012709 WD   75597472    0  280.47
2024012710 UV   75597472    0    4.41
2024012710 WD   75597472    0  293.59
2024012711 UV   75597472    0    4.84
2024012711 WD   75597472    0  313.67
2024012712 UV   75597472    0    5.10
2024012712 WD   75597472    0  321.04
2024012713 UV   75597472    0    3.48
2024012713 WD   75597472    0  322.09
2024012714 UV   75597472    0    2.84
2024012714 WD   75597472    0  277.11
2024012715 UV   75597472    0    3.75
2024012715 WD   75597472    0  272.45
2024012716 UV   75597472    0    3.61
2024012716 WD   75597472    0  294.53
2024012717 UV   75597472    0    2.62
2024012717 WD   75597472    0  299.02
2024012718 UV   75597472    0    2.56
2024012718 WD   75597472    0  314.92
2024012719 UV   75597472    0    2.24
2024012719 WD   75597472    0  345.40
2024012720 UV   75597472    0    1.72
2024012720 WD   75597472    0  308.53
2024012721 UV   75597472    0    2.01
2024012721 WD   75597472    0  253.85
2024012722 UV   75597472    0    3.30
2024012722 WD   75597472    0   56.90
2024012723 UV   75597472    0    1.12
2024012723 WD   75597472    0  182.07
2024012800 UV   75597472    0    3.35
2024012800 WD   75597472    0  261.67
2024012801 UV   75597472    0    7.20
2024012801 WD   75597472    0  247.44
2024012802 UV   75597472    0    8.06
2024012802 WD   75597472    0  241.68
2024012803 UV   75597472    0    5.97
2024012803 WD   75597472    0  230.01
2024012804 UV   75597472    0    4.41
2024012804 WD   75597472    0  224.76
2024012805 UV   75597472    0    5.53
2024012805 WD   75597472    0  201.28
2024012806 UV   75597472    0    4.16
2024012806 WD   75597472    0  241.69
2024012807 UV   75597472    0    5.10
2024012807 WD   75597472    0  225.81
2024012808 UV   75597472    0    4.66
2024012808 WD   75597472    0  245.88
2024012809 UV   75597472    0    5.57
2024012809 WD   75597472    0  262.94
2024012810 UV   75597472    0    5.91
2024012810 WD   75597472    0  253.18
2024012811 UV   75597472    0    7.37
2024012811 WD   75597472    0  253.84
2024012812 UV   75597472    0    6.05
2024012812 WD   75597472    0  252.83
2024012813 UV   75597472    0    6.55
2024012813 WD   75597472    0  258.03
2024012814 UV   75597472    0    4.85
2024012814 WD   75597472    0  262.32
2024012815 UV   75597472    0    3.65
2024012815 WD   75597472    0  260.53
2024012816 UV   75597472    0    5.38
2024012816 WD   75597472    0  299.62
2024012817 UV   75597472    0    7.35
2024012817 WD   75597472    0  290.91
2024012818 UV   75597472    0    6.97
2024012818 WD   75597472    0  285.18
2024012819 UV   75597472    0    5.46
2024012819 WD   75597472    0  308.80
2024012820 UV   75597472    0    3.37
2024012820 WD   75597472    0  327.25
2024012821 UV   75597472    0    1.44
2024012821 WD   75597472    0  342.54
2024012822 UV   75597472    0    1.79
2024012822 WD   75597472    0  328.14
2024012823 UV   75597472    0    3.34
2024012823 WD   75597472    0  273.40
2024012900 UV   75597472    0    2.73
2024012900 WD   75597472    0  314.12
2024012901 UV   75597472    0    3.85
2024012901 WD   75597472    0  291.34
2024012902 UV   75597472    0    3.78
2024012902 WD   75597472    0  280.28
2024012903 UV   75597472    0    6.71
2024012903 WD   75597472    0   18.18
2024012904 UV   75597472    0   10.78
2024012904 WD   75597472    0   50.53
2024012905 UV   75597472    0   13.25
2024012905 WD   75597472    0   62.07
2024012906 UV   75597472    0   14.66
2024012906 WD   75597472    0   63.44
2024012907 UV   75597472    0   14.41
2024012907 WD   75597472    0   60.25
2024012908 UV   75597472    0   12.90
2024012908 WD   75597472    0   45.80
2024012909 UV   75597472    0   12.10
2024012909 WD   75597472    0   45.91
2024012910 UV   75597472    0   12.68
2024012910 WD   75597472    0   43.77
2024012911 UV   75597472    0   13.20
2024012911 WD   75597472    0   35.39
2024012912 UV   75597472    0   12.58
2024012912 WD   75597472    0   36.12
2024012913 UV   75597472    0   13.28
2024012913 WD   75597472    0   29.77
2024012914 UV   75597472    0   13.64
2024012914 WD   75597472    0   30.48
2024012915 UV   75597472    0   12.44
2024012915 WD   75597472    0   29.56
2024012916 UV   75597472    0   10.97
2024012916 WD   75597472    0   26.05
2024012917 UV   75597472    0   11.92
2024012917 WD   75597472    0   24.36
2024012918 UV   75597472    0   11.78
2024012918 WD   75597472    0    5.56
2024012919 UV   75597472    0   12.47
2024012919 WD   75597472    0    0.00
2024012920 UV   75597472    0   11.63
2024012920 WD   75597472    0  355.28
2024012921 UV   75597472    0   10.19
2024012921 WD   75597472    0  350.54
2024012922 UV   75597472    0   10.46
2024012922 WD   75597472    0  351.40
2024012923 UV   75597472    0   10.20
2024012923 WD   75597472    0  353.90
2024013000 UV   75597472    0   11.55
2024013000 WD   75597472    0  359.62
2024013001 UV   75597472    0    8.83
2024013001 WD   75597472    0  350.30
2024013002 UV   75597472    0    9.99
2024013002 WD   75597472    0  357.21
2024013003 UV   75597472    0    8.71
2024013003 WD   75597472    0    9.91
2024013004 UV   75597472    0    9.18
2024013004 WD   75597472    0   12.44
2024013005 UV   75597472    0    8.80
2024013005 WD   75597472    0    7.46
2024013006 UV   75597472    0    6.82
2024013006 WD   75597472    0    9.24
2024013007 UV   75597472    0    7.34
2024013007 WD   75597472    0    7.72
2024013008 UV   75597472    0    5.05
2024013008 WD   75597472    0  350.44
2024013009 UV   75597472    0    4.64
2024013009 WD   75597472    0   11.68
2024013010 UV   75597472    0    3.75
2024013010 WD   75597472    0  346.64
2024013011 UV   75597472    0    3.75
2024013011 WD   75597472    0  326.52
2024013012 UV   75597472    0    2.89
2024013012 WD   75597472    0  336.29
2024013013 UV   75597472    0    3.08
2024013013 WD   75597472    0  348.80
2024013014 UV   75597472    0    2.46
2024013014 WD   75597472    0  306.98
2024013015 UV   75597472    0    3.59
2024013015 WD   75597472    0  294.28
2024013016 UV   75597472    0    1.24
2024013016 WD   75597472    0  314.95
2024013017 UV   75597472    0    1.79
2024013017 WD   75597472    0  306.75
2024013018 UV   75597472    0    1.36
2024013018 WD   75597472    0  304.39
2024013019 UV   75597472    0    1.75
2024013019 WD   75597472    0  315.95
2024013020 UV   75597472    0    1.45
2024013020 WD   75597472    0   22.86
2024013021 UV   75597472    0    2.80
2024013021 WD   75597472    0   82.99
2024013022 UV   75597472    0    2.76
2024013022 WD   75597472    0  106.61
2024013023 UV   75597472    0    4.64
2024013023 WD   75597472    0  152.85
2024013100 UV   75597472    0    3.68
2024013100 WD   75597472    0  182.39
2024013101 UV   75597472    0    4.73
2024013101 WD   75597472    0  211.35
2024013102 UV   75597472    0    5.76
2024013102 WD   75597472    0  217.29
2024013103 UV   75597472    0    5.87
2024013103 WD   75597472    0  212.42
2024013104 UV   75597472    0    5.95
2024013104 WD   75597472    0  212.36
2024013105 UV   75597472    0    5.63
2024013105 WD   75597472    0  212.18
2024013106 UV   75597472    0    4.98
2024013106 WD   75597472    0  197.02
2024013107 UV   75597472    0    6.34
2024013107 WD   75597472    0  211.48
2024013108 UV   75597472    0    4.19
2024013108 WD   75597472    0  206.62
2024013109 UV   75597472    0    5.51
2024013109 WD   75597472    0  205.61
2024013110 UV   75597472    0    7.22
2024013110 WD   75597472    0  202.63
2024013111 UV   75597472    0    6.02
2024013111 WD   75597472    0  206.26
2024013112 UV   75597472    0    5.47
2024013112 WD   75597472    0  204.51
2024013113 UV   75597472    0    4.79
2024013113 WD   75597472    0  197.20
2024013114 UV   75597472    0    3.56
2024013114 WD   75597472    0  180.37
2024013115 UV   75597472    0    5.40
2024013115 WD   75597472    0  218.11
2024013116 UV   75597472    0    2.51
2024013116 WD   75597472    0  179.57
2024013117 UV   75597472    0    1.41
2024013117 WD   75597472    0  124.16
2024013118 UV   75597472    0    5.12
2024013118 WD   75597472    0   95.04
2024013119 UV   75597472    0    5.91
2024013119 WD   75597472    0   96.88
2024013120 UV   75597472    0    4.51
2024013120 WD   75597472    0   73.50
2024013121 UV   75597472    0    3.33
2024013121 WD   75597472    0   52.80
2024013122 UV   75597472    0    3.91
2024013122 WD   75597472    0   57.07
2024013123 UV   75597472    0    3.49
2024013123 WD   75597472    0   12.18
2024020100 UV   75597472    0    3.26
2024020100 WD   75597472    0  106.47
2024020101 UV   75597472    0    1.42
2024020101 WD   75597472    0  190.56
2024020102 UV   75597472    0    1.85
2024020102 WD   75597472    0  295.84
2024020103 UV   75597472    0    2.60
2024020103 WD   75597472    0  258.46
2024020104 UV   75597472    0    5.42
2024020104 WD   75597472    0  268.65
2024020105 UV   75597472    0    6.28
2024020105 WD   75597472    0  284.56
2024020106 UV   75597472    0    7.37
2024020106 WD   75597472    0  322.56
2024020107 UV   75597472    0    9.60
2024020107 WD   75597472    0  344.28
2024020108 UV   75597472    0    9.64
2024020108 WD   75597472    0   18.63
2024020109 UV   75597472    0    9.51
2024020109 WD   75597472    0   30.50
2024020110 UV   75597472    0   10.24
2024020110 WD   75597472    0   44.52
2024020111 UV   75597472    0   10.45
2024020111 WD   75597472    0   47.28
2024020112 UV   75597472    0    8.74
2024020112 WD   75597472    0   41.71
2024020113 UV   75597472    0    8.22
2024020113 WD   75597472    0   57.42
2024020114 UV   75597472    0    9.56
2024020114 WD   75597472    0   61.44
2024020115 UV   75597472    0    9.06
2024020115 WD   75597472    0   83.69
2024020116 UV   75597472    0    7.98
2024020116 WD   75597472    0   84.28
2024020117 UV   75597472    0    7.86
2024020117 WD   75597472    0   81.81
2024020118 UV   75597472    0    8.31
2024020118 WD   75597472    0   85.72
2024020119 UV   75597472    0    8.54
2024020119 WD   75597472    0   88.21
2024020120 UV   75597472    0    7.86
2024020120 WD   75597472    0   92.63
2024020121 UV   75597472    0    8.87
2024020121 WD   75597472    0   98.80
2024020122 UV   75597472    0    7.72
2024020122 WD   75597472    0  101.73
2024020123 UV   75597472    0    8.86
2024020123 WD   75597472    0   97.24
2024020200 UV   75597472    0    9.39
2024020200 WD   75597472    0   93.21
2024020201 UV   75597472    0    9.67
2024020201 WD   75597472    0   95.36
2024020202 UV   75597472    0    8.40
2024020202 WD   75597472    0   86.53
2024020203 UV   75597472    0    7.29
2024020203 WD   75597472    0   84.72
2024020204 UV   75597472    0    7.45
2024020204 WD   75597472    0   83.30
2024020205 UV   75597472    0    8.72
2024020205 WD   75597472    0   84.23
2024020206 UV   75597472    0    8.28
2024020206 WD   75597472    0   83.83
2024020207 UV   75597472    0    7.68
2024020207 WD   75597472    0   87.14
2024020208 UV   75597472    0    7.30
2024020208 WD   75597472    0   82.48
2024020209 UV   75597472    0    7.35
2024020209 WD   75597472    0   84.92
2024020210 UV   75597472    0    9.26
2024020210 WD   75597472    0   73.91
2024020211 UV   75597472    0    9.59
2024020211 WD   75597472    0   69.96
2024020212 UV   75597472    0    9.25
2024020212 WD   75597472    0   68.11
2024020213 UV   75597472    0   10.06
2024020213 WD   75597472    0   68.18
2024020214 UV   75597472    0   11.26
2024020214 WD   75597472    0   63.96
2024020215 UV   75597472    0   10.84
2024020215 WD   75597472    0   64.21
2024020216 UV   75597472    0   10.42
2024020216 WD   75597472    0   66.38
2024020217 UV   75597472    0   10.53
2024020217 WD   75597472    0   60.53
2024020218 UV   75597472    0   10.36
2024020218 WD   75597472    0   49.84
2024020219 UV   75597472    0    9.80
2024020219 WD   75597472    0   52.66
2024020220 UV   75597472    0    8.92
2024020220 WD   75597472    0   42.13
2024020221 UV   75597472    0    7.53
2024020221 WD   75597472    0   32.60
2024020222 UV   75597472    0    6.55
2024020222 WD   75597472    0   23.82
2024020223 UV   75597472    0    6.81
2024020223 WD   75597472    0   18.28
2024020300 UV   75597472    0    6.49
2024020300 WD   75597472    0   14.41
2024020301 UV   75597472    0    5.92
2024020301 WD   75597472    0   20.35
2024020302 UV   75597472    0    4.54
2024020302 WD   75597472    0    8.58
2024020303 UV   75597472    0    5.97
2024020303 WD   75597472    0    8.59
2024020304 UV   75597472    0    4.01
2024020304 WD   75597472    0    7.77
2024020305 UV   75597472    0    4.32
2024020305 WD   75597472    0   15.41
2024020306 UV   75597472    0    4.76
2024020306 WD   75597472    0    3.48
2024020307 UV   75597472    0    4.33
2024020307 WD   75597472    0    7.97
2024020308 UV   75597472    0    5.72
2024020308 WD   75597472    0    3.47
2024020309 UV   75597472    0    6.66
2024020309 WD   75597472    0    7.99
2024020310 UV   75597472    0    6.69
2024020310 WD   75597472    0   12.92
2024020311 UV   75597472    0    7.06
2024020311 WD   75597472    0    2.24
2024020312 UV   75597472    0    7.26
2024020312 WD   75597472    0    1.43
2024020313 UV   75597472    0    6.62
2024020313 WD   75597472    0  358.28
2024020314 UV   75597472    0    8.16
2024020314 WD   75597472    0  357.37
2024020315 UV   75597472    0   12.00
2024020315 WD   75597472    0    0.17
2024020316 UV   75597472    0   10.16
2024020316 WD   75597472    0  355.44
2024020317 UV   75597472    0   10.73
2024020317 WD   75597472    0  351.40
2024020318 UV   75597472    0   11.12
2024020318 WD   75597472    0  344.66
2024020319 UV   75597472    0    9.98
2024020319 WD   75597472    0  342.02
2024020320 UV   75597472    0   10.84
2024020320 WD   75597472    0  343.02
2024020321 UV   75597472    0    8.94
2024020321 WD   75597472    0  332.02
2024020322 UV   75597472    0    8.06
2024020322 WD   75597472    0  335.56
2024020323 UV   75597472    0    7.08
2024020323 WD   75597472    0  331.87
2024020400 UV   75597472    0    7.21
2024020400 WD   75597472    0  341.52
2024020401 UV   75597472    0    8.46
2024020401 WD   75597472    0  346.18
2024020402 UV   75597472    0    7.38
2024020402 WD   75597472    0  359.29
2024020403 UV   75597472    0    9.98
2024020403 WD   75597472    0   13.88
2024020404 UV   75597472    0    7.26
2024020404 WD   75597472    0    1.83
2024020405 UV   75597472    0    8.89
2024020405 WD   75597472    0    5.79
2024020406 UV   75597472    0    8.64
2024020406 WD   75597472    0    1.73
2024020407 UV   75597472    0    7.09
2024020407 WD   75597472    0  341.02
2024020408 UV   75597472    0    6.34
2024020408 WD   75597472    0  358.80
2024020409 UV   75597472    0    7.45
2024020409 WD   75597472    0  351.81
2024020410 UV   75597472    0    6.49
2024020410 WD   75597472    0  345.42
2024020411 UV   75597472    0    6.22
2024020411 WD   75597472    0  332.54
2024020412 UV   75597472    0    7.59
2024020412 WD   75597472    0  347.77
2024020413 UV   75597472    0    9.54
2024020413 WD   75597472    0  349.48
2024020414 UV   75597472    0   12.52
2024020414 WD   75597472    0  359.13
2024020415 UV   75597472    0   12.81
2024020415 WD   75597472    0  352.90
2024020416 UV   75597472    0   14.39
2024020416 WD   75597472    0  351.76
2024020417 UV   75597472    0   14.51
2024020417 WD   75597472    0  346.80
2024020418 UV   75597472    0   14.43
2024020418 WD   75597472    0  351.61
2024020419 UV   75597472    0   15.75
2024020419 WD   75597472    0  347.03
2024020420 UV   75597472    0   13.40
2024020420 WD   75597472    0  345.75
2024020421 UV   75597472    0   13.72
2024020421 WD   75597472    0  344.87
2024020422 UV   75597472    0   15.00
2024020422 WD   75597472    0  355.28
2024020423 UV   75597472    0   15.88
2024020423 WD   75597472    0    2.21
2024020500 UV   75597472    0   18.69
2024020500 WD   75597472    0   15.99
2024020501 UV   75597472    0   16.69
2024020501 WD   75597472    0   17.30
2024020502 UV   75597472    0   17.45
2024020502 WD   75597472    0   15.90
2024020503 UV   75597472    0   15.27
2024020503 WD   75597472    0   13.97
2024020504 UV   75597472    0   16.12
2024020504 WD   75597472    0   15.29
2024020505 UV   75597472    0   13.74
2024020505 WD   75597472    0   16.81
2024020506 UV   75597472    0   14.13
2024020506 WD   75597472    0    7.11
2024020507 UV   75597472    0   13.77
2024020507 WD   75597472    0   12.41
2024020508 UV   75597472    0   14.04
2024020508 WD   75597472    0    7.29
2024020509 UV   75597472    0   13.42
2024020509 WD   75597472    0    9.79
2024020510 UV   75597472    0   13.78
2024020510 WD   75597472    0   13.22
2024020511 UV   75597472    0   13.51
2024020511 WD   75597472    0   14.64
2024020512 UV   75597472    0   13.06
2024020512 WD   75597472    0   14.14
2024020513 UV   75597472    0   14.79
2024020513 WD   75597472    0   17.70
2024020514 UV   75597472    0   14.93
2024020514 WD   75597472    0   18.01
2024020515 UV   75597472    0   14.79
2024020515 WD   75597472    0   10.57
2024020516 UV   75597472    0   15.65
2024020516 WD   75597472    0   10.65
2024020517 UV   75597472    0   16.08
2024020517 WD   75597472    0   10.18
2024020518 UV   75597472    0   15.15
2024020518 WD   75597472    0    1.62
2024020519 UV   75597472    0   14.80
2024020519 WD   75597472    0  359.98
2024020520 UV   75597472    0   14.73
2024020520 WD   75597472    0    1.81
2024020521 UV   75597472    0   14.23
2024020521 WD   75597472    0  359.12
2024020522 UV   75597472    0   13.39
2024020522 WD   75597472    0  358.57
2024020523 UV   75597472    0   13.86
2024020523 WD   75597472    0    3.83
2024020600 UV   75597472    0   13.91
2024020600 WD   75597472    0  359.61
2024020601 UV   75597472    0   14.05
2024020601 WD   75597472    0    8.10
2024020602 UV   75597472    0   14.59
2024020602 WD   75597472    0    8.80
2024020603 UV   75597472    0   14.42
2024020603 WD   75597472    0   19.35
2024020604 UV   75597472    0   10.62
2024020604 WD   75597472    0   17.69
2024020605 UV   75597472    0   11.16
2024020605 WD   75597472    0   13.02
2024020606 UV   75597472    0   11.23
2024020606 WD   75597472    0   15.87
2024020607 UV   75597472    0   12.19
2024020607 WD   75597472    0   12.56
2024020608 UV   75597472    0   12.12
2024020608 WD   75597472    0    9.45
2024020609 UV   75597472    0   12.09
2024020609 WD   75597472    0    9.65
2024020610 UV   75597472    0    9.65
2024020610 WD   75597472    0    8.09
2024020611 UV   75597472    0   10.35
2024020611 WD   75597472    0   15.32
2024020612 UV   75597472    0    9.38
2024020612 WD   75597472    0   15.17
2024020613 UV   75597472    0    7.02
2024020613 WD   75597472    0   17.57
2024020614 UV   75597472    0    9.20
2024020614 WD   75597472    0    7.80
2024020615 UV   75597472    0    9.77
2024020615 WD   75597472    0    0.11
2024020616 UV   75597472    0    9.41
2024020616 WD   75597472    0  346.80
2024020617 UV   75597472    0   10.13
2024020617 WD   75597472    0  338.28
2024020618 UV   75597472    0    9.28
2024020618 WD   75597472    0  334.64
2024020619 UV   75597472    0    8.50
2024020619 WD   75597472    0  329.05
2024020620 UV   75597472    0    8.96
2024020620 WD   75597472    0  313.19
2024020621 UV   75597472    0    7.27
2024020621 WD   75597472    0  313.90
2024020622 UV   75597472    0    5.40
2024020622 WD   75597472    0  323.94
2024020623 UV   75597472    0    4.96
2024020623 WD   75597472    0  318.93
2024020700 UV   75597472    0    3.90
2024020700 WD   75597472    0  315.37
2024020701 UV   75597472    0    4.00
2024020701 WD   75597472    0  298.53
2024020702 UV   75597472    0    5.01
2024020702 WD   75597472    0  276.24
2024020703 UV   75597472    0    3.55
2024020703 WD   75597472    0  277.22
2024020704 UV   75597472    0    3.89
2024020704 WD   75597472    0  280.00
2024020705 UV   75597472    0    3.66
2024020705 WD   75597472    0  267.20
2024020706 UV   75597472    0    3.83
2024020706 WD   75597472    0  298.27
2024020707 UV   75597472    0    3.15
2024020707 WD   75597472    0  274.72
2024020708 UV   75597472    0    3.06
2024020708 WD   75597472    0  259.72
2024020709 UV   75597472    0    2.88
2024020709 WD   75597472    0  260.20
2024020710 UV   75597472    0    2.46
2024020710 WD   75597472    0  249.15
2024020711 UV   75597472    0    2.63
2024020711 WD   75597472    0  280.68
2024020712 UV   75597472    0    1.65
2024020712 WD   75597472    0  268.65
2024020713 UV   75597472    0    2.60
2024020713 WD   75597472    0  243.70
2024020714 UV   75597472    0    3.56
2024020714 WD   75597472    0  228.46
2024020715 UV   75597472    0    1.56
2024020715 WD   75597472    0  238.28
2024020716 UV   75597472    0    2.22
2024020716 WD   75597472    0   41.35
2024020717 UV   75597472    0    2.27
2024020717 WD   75597472    0   40.94
2024020718 UV   75597472    0    2.07
2024020718 WD   75597472    0   41.96
2024020719 UV   75597472    0    3.14
2024020719 WD   75597472    0   12.54
2024020720 UV   75597472    0    3.57
2024020720 WD   75597472    0   19.24
2024020721 UV   75597472    0    3.26
2024020721 WD   75597472    0  322.91
2024020722 UV   75597472    0    4.26
2024020722 WD   75597472    0  316.44
2024020723 UV   75597472    0    5.98
2024020723 WD   75597472    0  297.31
2024020800 UV   75597472    0    5.96
2024020800 WD   75597472    0  295.99
2024020801 UV   75597472    0    5.39
2024020801 WD   75597472    0  275.73
2024020802 UV   75597472    0    3.58
2024020802 WD   75597472    0  262.66
2024020803 UV   75597472    0    3.94
2024020803 WD   75597472    0  259.30
2024020804 UV   75597472    0    3.28
2024020804 WD   75597472    0  245.05
2024020805 UV   75597472    0    2.43
2024020805 WD   75597472    0  256.72
2024020806 UV   75597472    0    2.73
2024020806 WD   75597472    0  257.74
2024020807 UV   75597472    0    3.09
2024020807 WD   75597472    0  254.85
2024020808 UV   75597472    0    3.33
2024020808 WD   75597472    0  267.45
2024020809 UV   75597472    0    2.41
2024020809 WD   75597472    0  295.94
2024020810 UV   75597472    0    2.48
2024020810 WD   75597472    0  258.70
2024020811 UV   75597472    0    3.22
2024020811 WD   75597472    0  293.69
2024020812 UV   75597472    0    2.41
2024020812 WD   75597472    0  311.78
2024020813 UV   75597472    0    3.26
2024020813 WD   75597472    0  301.34
2024020814 UV   75597472    0    3.14
2024020814 WD   75597472    0  323.81
2024020815 UV   75597472    0    1.96
2024020815 WD   75597472    0  316.51
2024020816 UV   75597472    0    3.07
2024020816 WD   75597472    0  320.68
2024020817 UV   75597472    0    2.21
2024020817 WD   75597472    0  333.36
2024020818 UV   75597472    0    2.22
2024020818 WD   75597472    0   26.71
2024020819 UV   75597472    0    1.92
2024020819 WD   75597472    0    9.55
2024020820 UV   75597472    0    3.31
2024020820 WD   75597472    0   21.46
2024020821 UV   75597472    0    1.92
2024020821 WD   75597472    0  330.98
2024020822 UV   75597472    0    2.53
2024020822 WD   75597472    0  331.96
2024020823 UV   75597472    0    2.77
2024020823 WD   75597472    0  270.51
2024020900 UV   75597472    0    1.97
2024020900 WD   75597472    0  267.96
2024020901 UV   75597472    0    3.02
2024020901 WD   75597472    0  238.42
2024020902 UV   75597472    0    3.01
2024020902 WD   75597472    0  213.30
2024020903 UV   75597472    0    3.59
2024020903 WD   75597472    0  231.59
2024020904 UV   75597472    0    3.75
2024020904 WD   75597472    0  221.96
2024020905 UV   75597472    0    5.60
2024020905 WD   75597472    0  211.21
2024020906 UV   75597472    0    5.88
2024020906 WD   75597472    0  203.88
2024020907 UV   75597472    0    6.21
2024020907 WD   75597472    0  207.04
2024020908 UV   75597472    0    6.23
2024020908 WD   75597472    0  211.94
2024020909 UV   75597472    0    4.73
2024020909 WD   75597472    0  214.68
2024020910 UV   75597472    0    4.37
2024020910 WD   75597472    0  214.76
2024020911 UV   75597472    0    3.77
2024020911 WD   75597472    0  214.11
2024020912 UV   75597472    0    2.63
2024020912 WD   75597472    0  218.38
2024020913 UV   75597472    0    2.53
2024020913 WD   75597472    0  214.95
2024020914 UV   75597472    0    1.66
2024020914 WD   75597472    0   18.59
2024020915 UV   75597472    0    2.51
2024020915 WD   75597472    0  113.00
2024020916 UV   75597472    0    5.10
2024020916 WD   75597472    0  109.17
2024020917 UV   75597472    0    5.58
2024020917 WD   75597472    0  113.66
2024020918 UV   75597472    0    4.56
2024020918 WD   75597472    0  132.92
2024020919 UV   75597472    0    3.36
2024020919 WD   75597472    0  146.59
2024020920 UV   75597472    0    2.30
2024020920 WD   75597472    0  152.08
2024020921 UV   75597472    0    3.66
2024020921 WD   75597472    0  145.60
2024020922 UV   75597472    0    4.64
2024020922 WD   75597472    0  196.47
2024020923 UV   75597472    0    5.14
2024020923 WD   75597472    0  212.82
2024021000 UV   75597472    0    5.43
2024021000 WD   75597472    0  204.05
2024021001 UV   75597472    0    4.99
2024021001 WD   75597472    0  232.83
2024021002 UV   75597472    0    3.84
2024021002 WD   75597472    0  197.26
2024021003 UV   75597472    0    3.01
2024021003 WD   75597472    0  197.55
2024021004 UV   75597472    0    6.31
2024021004 WD   75597472    0  207.05
2024021005 UV   75597472    0    4.92
2024021005 WD   75597472    0  216.68
2024021006 UV   75597472    0    5.40
2024021006 WD   75597472    0  224.66
2024021007 UV   75597472    0    5.12
2024021007 WD   75597472    0  213.14
2024021008 UV   75597472    0    3.36
2024021008 WD   75597472    0  252.78
2024021009 UV   75597472    0    5.62
2024021009 WD   75597472    0  207.27
2024021010 UV   75597472    0    4.87
2024021010 WD   75597472    0  231.37
2024021011 UV   75597472    0    7.35
2024021011 WD   75597472    0  221.88
2024021012 UV   75597472    0    6.32
2024021012 WD   75597472    0  199.42
2024021013 UV   75597472    0    7.62
2024021013 WD   75597472    0  203.34
2024021014 UV   75597472    0    6.26
2024021014 WD   75597472    0  204.52
2024021015 UV   75597472    0    6.26
2024021015 WD   75597472    0  204.65
2024021016 UV   75597472    0    5.29
2024021016 WD   75597472    0  203.93
2024021017 UV   75597472    0    4.31
2024021017 WD   75597472    0  169.77
2024021018 UV   75597472    0    6.04
2024021018 WD   75597472    0  190.04
2024021019 UV   75597472    0    5.80
2024021019 WD   75597472    0  181.24
2024021020 UV   75597472    0    5.67
2024021020 WD   75597472    0  225.54
2024021021 UV   75597472    0    3.17
2024021021 WD   75597472    0  207.30
2024021022 UV   75597472    0    7.00
2024021022 WD   75597472    0  250.30
2024021023 UV   75597472    0    8.05
2024021023 WD   75597472    0  252.93
2024021100 UV   75597472    0    7.41
2024021100 WD   75597472    0  266.20
2024021101 UV   75597472    0    3.39
2024021101 WD   75597472    0  266.51
2024021102 UV   75597472    0    3.52
2024021102 WD   75597472    0  255.22
2024021103 UV   75597472    0    4.64
2024021103 WD   75597472    0  272.80
2024021104 UV   75597472    0    1.81
2024021104 WD   75597472    0  290.23
2024021105 UV   75597472    0    0.48
2024021105 WD   75597472    0  252.64
2024021106 UV   75597472    0    2.50
2024021106 WD   75597472    0  280.41
2024021107 UV   75597472    0    4.80
2024021107 WD   75597472    0  289.07
2024021108 UV   75597472    0    5.60
2024021108 WD   75597472    0  319.60
2024021109 UV   75597472    0    5.77
2024021109 WD   75597472    0  310.80
2024021110 UV   75597472    0    4.45
2024021110 WD   75597472    0  325.92
2024021111 UV   75597472    0    3.27
2024021111 WD   75597472    0  346.73
2024021112 UV   75597472    0    2.42
2024021112 WD   75597472    0  332.30
2024021113 UV   75597472    0    2.90
2024021113 WD   75597472    0  309.55
2024021114 UV   75597472    0    1.15
2024021114 WD   75597472    0   18.28
2024021115 UV   75597472    0    2.06
2024021115 WD   75597472    0   69.27
2024021116 UV   75597472    0    1.33
2024021116 WD   75597472    0  310.63
2024021117 UV   75597472    0    1.55
2024021117 WD   75597472    0  287.37
2024021118 UV   75597472    0    3.07
2024021118 WD   75597472    0  282.27
2024021119 UV   75597472    0    6.96
2024021119 WD   75597472    0  300.95
2024021120 UV   75597472    0    2.13
2024021120 WD   75597472    0  309.89
2024021121 UV   75597472    0    2.23
2024021121 WD   75597472    0  297.44
2024021122 UV   75597472    0    3.75
2024021122 WD   75597472    0  300.24
2024021123 UV   75597472    0    5.22
2024021123 WD   75597472    0  267.81
2024021200 UV   75597472    0    5.01
2024021200 WD   75597472    0  261.73
2024021201 UV   75597472    0    4.88
2024021201 WD   75597472    0  271.27
2024021202 UV   75597472    0    5.56
2024021202 WD   75597472    0  300.67
2024021203 UV   75597472    0    7.46
2024021203 WD   75597472    0  295.09
2024021204 UV   75597472    0    6.67
2024021204 WD   75597472    0  300.86
2024021205 UV   75597472    0    6.89
2024021205 WD   75597472    0  298.24
2024021206 UV   75597472    0    6.96
2024021206 WD   75597472    0  305.25
2024021207 UV   75597472    0    8.62
2024021207 WD   75597472    0  304.02
2024021208 UV   75597472    0    9.01
2024021208 WD   75597472    0  297.13
2024021209 UV   75597472    0    7.82
2024021209 WD   75597472    0  287.62
2024021210 UV   75597472    0    7.78
2024021210 WD   75597472    0  292.58
2024021211 UV   75597472    0   10.71
2024021211 WD   75597472    0  297.85
2024021212 UV   75597472    0   10.69
2024021212 WD   75597472    0  296.98
2024021213 UV   75597472    0   10.97
2024021213 WD   75597472    0  291.73
2024021214 UV   75597472    0   11.81
2024021214 WD   75597472    0  295.51
2024021215 UV   75597472    0   12.48
2024021215 WD   75597472    0  289.38
2024021216 UV   75597472    0   10.85
2024021216 WD   75597472    0  279.93
2024021217 UV   75597472    0   11.41
2024021217 WD   75597472    0  283.75
2024021218 UV   75597472    0   11.74
2024021218 WD   75597472    0  290.83
2024021219 UV   75597472    0   11.66
2024021219 WD   75597472    0  292.22
2024021220 UV   75597472    0    6.38
2024021220 WD   75597472    0  333.82
2024021221 UV   75597472    0    7.00
2024021221 WD   75597472    0  322.25
2024021222 UV   75597472    0    5.53
2024021222 WD   75597472    0  316.73
2024021223 UV   75597472    0    5.16
2024021223 WD   75597472    0  296.17
2024021300 UV   75597472    0    5.02
2024021300 WD   75597472    0  300.39
2024021301 UV   75597472    0    3.87
2024021301 WD   75597472    0  270.25
2024021302 UV   75597472    0    5.32
2024021302 WD   75597472    0  275.61
2024021303 UV   75597472    0    6.51
2024021303 WD   75597472    0  268.45
2024021304 UV   75597472    0    7.56
2024021304 WD   75597472    0  282.34
2024021305 UV   75597472    0    5.89
2024021305 WD   75597472    0  273.58
2024021306 UV   75597472    0    6.29
2024021306 WD   75597472    0  271.65
2024021307 UV   75597472    0    6.75
2024021307 WD   75597472    0  269.27
2024021308 UV   75597472    0    6.02
2024021308 WD   75597472    0  264.11
2024021309 UV   75597472    0    5.55
2024021309 WD   75597472    0  273.75
2024021310 UV   75597472    0    5.78
2024021310 WD   75597472    0  274.04
2024021311 UV   75597472    0    6.28
2024021311 WD   75597472    0  277.16
2024021312 UV   75597472    0    7.50
2024021312 WD   75597472    0  299.55
2024021313 UV   75597472    0    8.88
2024021313 WD   75597472    0  293.70
2024021314 UV   75597472    0    9.88
2024021314 WD   75597472    0  318.75
2024021315 UV   75597472    0   10.25
2024021315 WD   75597472    0  311.42
2024021316 UV   75597472    0    9.86
2024021316 WD   75597472    0  310.88
2024021317 UV   75597472    0    8.99
2024021317 WD   75597472    0  306.31
2024021318 UV   75597472    0    7.68
2024021318 WD   75597472    0  303.49
2024021319 UV   75597472    0    7.51
2024021319 WD   75597472    0  327.45
2024021320 UV   75597472    0    4.09
2024021320 WD   75597472    0  320.37
2024021321 UV   75597472    0    6.83
2024021321 WD   75597472    0  317.27
2024021322 UV   75597472    0    6.40
2024021322 WD   75597472    0  303.45
2024021323 UV   75597472    0    8.13
2024021323 WD   75597472    0  296.82
2024021400 UV   75597472    0    7.74
2024021400 WD   75597472    0  290.62
2024021401 UV   75597472    0    7.75
2024021401 WD   75597472    0  283.70
2024021402 UV   75597472    0    8.44
2024021402 WD   75597472    0  293.67
2024021403 UV   75597472    0    9.79
2024021403 WD   75597472    0  297.37
2024021404 UV   75597472    0    8.99
2024021404 WD   75597472    0  293.79
2024021405 UV   75597472    0    9.43
2024021405 WD   75597472    0  321.16
2024021406 UV   75597472    0    7.92
2024021406 WD   75597472    0  326.68
2024021407 UV   75597472    0    9.41
2024021407 WD   75597472    0  319.43
2024021408 UV   75597472    0   10.27
2024021408 WD   75597472    0  316.88
2024021409 UV   75597472    0    9.69
2024021409 WD   75597472    0  311.77
2024021410 UV   75597472    0    9.99
2024021410 WD   75597472    0  317.90
2024021411 UV   75597472    0   10.78
2024021411 WD   75597472    0  315.07
2024021412 UV   75597472    0   10.85
2024021412 WD   75597472    0  316.89
2024021413 UV   75597472    0   13.16
2024021413 WD   75597472    0  311.65
2024021414 UV   75597472    0   13.14
2024021414 WD   75597472    0  309.99
2024021415 UV   75597472    0   12.84
2024021415 WD   75597472    0  316.37
2024021416 UV   75597472    0   14.75
2024021416 WD   75597472    0  318.09
2024021417 UV   75597472    0   14.21
2024021417 WD   75597472    0  317.18
2024021418 UV   75597472    0   11.73
2024021418 WD   75597472    0  324.46
2024021419 UV   75597472    0   11.78
2024021419 WD   75597472    0  336.94
2024021420 UV   75597472    0   14.25
2024021420 WD   75597472    0  331.83
2024021421 UV   75597472    0   11.68
2024021421 WD   75597472    0  322.34
2024021422 UV   75597472    0   12.98
2024021422 WD   75597472    0  327.43
2024021423 UV   75597472    0   13.05
2024021423 WD   75597472    0  328.26
2024021500 UV   75597472    0   15.03
2024021500 WD   75597472    0  338.66
2024021501 UV   75597472    0   14.70
2024021501 WD   75597472    0  344.32
2024021502 UV   75597472    0   16.49
2024021502 WD   75597472    0  348.52
2024021503 UV   75597472    0   15.56
2024021503 WD   75597472    0  345.60
2024021504 UV   75597472    0   16.04
2024021504 WD   75597472    0  334.38
2024021505 UV   75597472    0   16.41
2024021505 WD   75597472    0  332.66
2024021506 UV   75597472    0   16.10
2024021506 WD   75597472    0  327.18
2024021507 UV   75597472    0   16.61
2024021507 WD   75597472    0  322.25
2024021508 UV   75597472    0   17.07
2024021508 WD   75597472    0  327.27
2024021509 UV   75597472    0   16.10
2024021509 WD   75597472    0  318.68
2024021510 UV   75597472    0   16.21
2024021510 WD   75597472    0  320.62
2024021511 UV   75597472    0   17.97
2024021511 WD   75597472    0  323.20
2024021512 UV   75597472    0   18.26
2024021512 WD   75597472    0  324.89
2024021513 UV   75597472    0   18.74
2024021513 WD   75597472    0  324.25
2024021514 UV   75597472    0   20.38
2024021514 WD   75597472    0  320.58
2024021515 UV   75597472    0   20.16
2024021515 WD   75597472    0  316.22
2024021516 UV   75597472    0   19.14
2024021516 WD   75597472    0  318.43
2024021517 UV   75597472    0   18.68
2024021517 WD   75597472    0  311.72
2024021518 UV   75597472    0   18.28
2024021518 WD   75597472    0  311.10
2024021519 UV   75597472    0   20.22
2024021519 WD   75597472    0  312.44
2024021520 UV   75597472    0   18.10
2024021520 WD   75597472    0  307.92
2024021521 UV   75597472    0   18.52
2024021521 WD   75597472    0  297.47
2024021522 UV   75597472    0   14.89
2024021522 WD   75597472    0  295.06
2024021523 UV   75597472    0   15.91
2024021523 WD   75597472    0  306.74
2024021600 UV   75597472    0   15.93
2024021600 WD   75597472    0  326.23
2024021601 UV   75597472    0   15.12
2024021601 WD   75597472    0  323.31
2024021602 UV   75597472    0   13.42
2024021602 WD   75597472    0  328.16
2024021603 UV   75597472    0   14.76
2024021603 WD   75597472    0  324.19
2024021604 UV   75597472    0   14.08
2024021604 WD   75597472    0  325.58
2024021605 UV   75597472    0   12.24
2024021605 WD   75597472    0  316.02
2024021606 UV   75597472    0   13.20
2024021606 WD   75597472    0  323.65
2024021607 UV   75597472    0   10.85
2024021607 WD   75597472    0  317.88
2024021608 UV   75597472    0   10.14
2024021608 WD   75597472    0  323.35
2024021609 UV   75597472    0   11.15
2024021609 WD   75597472    0  323.16
2024021610 UV   75597472    0    9.19
2024021610 WD   75597472    0  318.36
2024021611 UV   75597472    0   11.13
2024021611 WD   75597472    0  317.80
2024021612 UV   75597472    0   11.81
2024021612 WD   75597472    0  317.17
2024021613 UV   75597472    0   11.46
2024021613 WD   75597472    0  315.50
2024021614 UV   75597472    0   14.70
2024021614 WD   75597472    0  320.69
2024021615 UV   75597472    0   13.25
2024021615 WD   75597472    0  317.06
2024021616 UV   75597472    0   13.29
2024021616 WD   75597472    0  309.50
2024021617 UV   75597472    0   13.12
2024021617 WD   75597472    0  313.80
2024021618 UV   75597472    0   14.03
2024021618 WD   75597472    0  321.47
2024021619 UV   75597472    0   14.15
2024021619 WD   75597472    0  309.46
2024021620 UV   75597472    0   13.63
2024021620 WD   75597472    0  311.32
2024021621 UV   75597472    0   14.88
2024021621 WD   75597472    0  308.81
2024021622 UV   75597472    0   14.35
2024021622 WD   75597472    0  292.43
2024021623 UV   75597472    0   12.38
2024021623 WD   75597472    0  296.76
2024021700 UV   75597472    0   13.04
2024021700 WD   75597472    0  292.94
2024021701 UV   75597472    0   12.10
2024021701 WD   75597472    0  312.88
2024021702 UV   75597472    0   11.64
2024021702 WD   75597472    0  310.23
2024021703 UV   75597472    0   13.69
2024021703 WD   75597472    0  317.19
2024021704 UV   75597472    0   11.97
2024021704 WD   75597472    0  319.70
2024021705 UV   75597472    0   10.94
2024021705 WD   75597472    0  323.43
2024021706 UV   75597472    0    9.44
2024021706 WD   75597472    0  325.53
2024021707 UV   75597472    0   11.46
2024021707 WD   75597472    0  323.58
2024021708 UV   75597472    0   11.70
2024021708 WD   75597472    0  322.23
2024021709 UV   75597472    0   10.69
2024021709 WD   75597472    0  321.27
2024021710 UV   75597472    0    9.83
2024021710 WD   75597472    0  320.42
2024021711 UV   75597472    0   10.11
2024021711 WD   75597472    0  313.72
2024021712 UV   75597472    0   10.86
2024021712 WD   75597472    0  320.83
2024021713 UV   75597472    0    9.57
2024021713 WD   75597472    0  321.34
2024021714 UV   75597472    0    7.35
2024021714 WD   75597472    0  311.10
2024021715 UV   75597472    0    6.69
2024021715 WD   75597472    0  327.21
2024021716 UV   75597472    0    5.35
2024021716 WD   75597472    0  322.12
2024021717 UV   75597472    0    5.28
2024021717 WD   75597472    0  345.97
2024021718 UV   75597472    0    5.80
2024021718 WD   75597472    0    1.43
2024021719 UV   75597472    0    6.77
2024021719 WD   75597472    0    4.47
2024021720 UV   75597472    0    5.69
2024021720 WD   75597472    0  325.14
2024021721 UV   75597472    0    2.78
2024021721 WD   75597472    0    0.75
2024021722 UV   75597472    0    2.41
2024021722 WD   75597472    0   24.98
2024021723 UV   75597472    0    1.23
2024021723 WD   75597472    0  358.12
2024021800 UV   75597472    0    1.19
2024021800 WD   75597472    0   55.93
2024021801 UV   75597472    0    1.72
2024021801 WD   75597472    0  333.75
2024021802 UV   75597472    0    2.90
2024021802 WD   75597472    0  319.22
2024021803 UV   75597472    0    5.09
2024021803 WD   75597472    0  283.22
2024021804 UV   75597472    0    4.84
2024021804 WD   75597472    0  270.57
2024021805 UV   75597472    0    3.92
2024021805 WD   75597472    0  257.55
2024021806 UV   75597472    0    3.35
2024021806 WD   75597472    0  268.57
2024021807 UV   75597472    0    4.32
2024021807 WD   75597472    0  255.69
2024021808 UV   75597472    0    6.19
2024021808 WD   75597472    0  243.17
2024021809 UV   75597472    0   10.53
2024021809 WD   75597472    0  274.08
2024021810 UV   75597472    0    9.78
2024021810 WD   75597472    0  269.39
2024021811 UV   75597472    0   10.66
2024021811 WD   75597472    0  279.56
2024021812 UV   75597472    0   10.76
2024021812 WD   75597472    0  294.08
2024021813 UV   75597472    0   11.40
2024021813 WD   75597472    0  287.70
2024021814 UV   75597472    0   11.74
2024021814 WD   75597472    0  287.90
2024021815 UV   75597472    0   11.05
2024021815 WD   75597472    0  298.10
2024021816 UV   75597472    0   12.60
2024021816 WD   75597472    0  293.29
2024021817 UV   75597472    0   12.66
2024021817 WD   75597472    0  275.58
2024021818 UV   75597472    0    9.71
2024021818 WD   75597472    0  282.23
2024021819 UV   75597472    0   11.40
2024021819 WD   75597472    0  281.03
2024021820 UV   75597472    0   10.38
2024021820 WD   75597472    0  271.40
2024021821 UV   75597472    0    7.92
2024021821 WD   75597472    0  275.40
2024021822 UV   75597472    0    6.09
2024021822 WD   75597472    0  283.35
2024021823 UV   75597472    0    5.71
2024021823 WD   75597472    0  272.31
2024021900 UV   75597472    0    5.18
2024021900 WD   75597472    0  260.86
2024021901 UV   75597472    0    6.53
2024021901 WD   75597472    0  261.31
2024021902 UV   75597472    0    4.63
2024021902 WD   75597472    0  260.14
2024021903 UV   75597472    0    5.64
2024021903 WD   75597472    0  252.90
2024021904 UV   75597472    0    6.29
2024021904 WD   75597472    0  265.52
2024021905 UV   75597472    0    5.80
2024021905 WD   75597472    0  274.50
2024021906 UV   75597472    0    3.18
2024021906 WD   75597472    0  227.12
2024021907 UV   75597472    0    4.49
2024021907 WD   75597472    0  214.70
2024021908 UV   75597472    0    4.34
2024021908 WD   75597472    0  205.98
2024021909 UV   75597472    0    3.07
2024021909 WD   75597472    0  191.79
2024021910 UV   75597472    0    3.22
2024021910 WD   75597472    0  196.02
2024021911 UV   75597472    0    2.33
2024021911 WD   75597472    0  213.13
2024021912 UV   75597472    0    3.39
2024021912 WD   75597472    0  199.98
2024021913 UV   75597472    0    3.42
2024021913 WD   75597472    0  240.90
2024021914 UV   75597472    0    6.70
2024021914 WD   75597472    0  299.97
2024021915 UV   75597472    0    7.35
2024021915 WD   75597472    0  301.26
2024021916 UV   75597472    0   11.79
2024021916 WD   75597472    0  333.20
2024021917 UV   75597472    0   12.51
2024021917 WD   75597472    0  315.60
2024021918 UV   75597472    0   15.19
2024021918 WD   75597472    0  307.74
2024021919 UV   75597472    0   15.49
2024021919 WD   75597472    0  297.46
2024021920 UV   75597472    0   14.03
2024021920 WD   75597472    0  299.35
2024021921 UV   75597472    0   13.85
2024021921 WD   75597472    0  302.20
2024021922 UV   75597472    0   10.21
2024021922 WD   75597472    0  292.84
2024021923 UV   75597472    0   10.10
2024021923 WD   75597472    0  283.35
2024022000 UV   75597472    0   11.35
2024022000 WD   75597472    0  289.39
2024022001 UV   75597472    0   12.87
2024022001 WD   75597472    0  300.43
2024022002 UV   75597472    0   11.59
2024022002 WD   75597472    0  287.60
2024022003 UV   75597472    0   10.36
2024022003 WD   75597472    0  301.17
2024022004 UV   75597472    0   13.45
2024022004 WD   75597472    0  298.03
2024022005 UV   75597472    0   13.70
2024022005 WD   75597472    0  298.70
2024022006 UV   75597472    0   12.19
2024022006 WD   75597472    0  303.31
2024022007 UV   75597472    0   10.99
2024022007 WD   75597472    0  299.83
2024022008 UV   75597472    0   11.04
2024022008 WD   75597472    0  297.25
2024022009 UV   75597472    0   11.21
2024022009 WD   75597472    0  296.43
2024022010 UV   75597472    0   10.38
2024022010 WD   75597472    0  303.18
2024022011 UV   75597472    0    9.45
2024022011 WD   75597472    0  303.88
2024022012 UV   75597472    0   13.26
2024022012 WD   75597472    0  302.63
2024022013 UV   75597472    0   16.05
2024022013 WD   75597472    0  302.79
2024022014 UV   75597472    0   16.57
2024022014 WD   75597472    0  307.44
2024022015 UV   75597472    0   16.94
2024022015 WD   75597472    0  295.23
2024022016 UV   75597472    0   14.46
2024022016 WD   75597472    0  295.55
2024022017 UV   75597472    0   15.16
2024022017 WD   75597472    0  304.10
2024022018 UV   75597472    0   15.78
2024022018 WD   75597472    0  292.64
2024022019 UV   75597472    0   15.67
2024022019 WD   75597472    0  292.62
2024022020 UV   75597472    0   13.48
2024022020 WD   75597472    0  294.43
2024022021 UV   75597472    0   15.32
2024022021 WD   75597472    0  288.61
2024022022 UV   75597472    0   13.98
2024022022 WD   75597472    0  283.53
2024022023 UV   75597472    0   12.60
2024022023 WD   75597472    0  277.90
2024022100 UV   75597472    0   11.48
2024022100 WD   75597472    0  279.29
2024022101 UV   75597472    0   10.95
2024022101 WD   75597472    0  290.13
2024022102 UV   75597472    0   11.66
2024022102 WD   75597472    0  293.05
2024022103 UV   75597472    0   10.11
2024022103 WD   75597472    0  284.75
2024022104 UV   75597472    0    9.24
2024022104 WD   75597472    0  288.73
2024022105 UV   75597472    0    9.17
2024022105 WD   75597472    0  286.60
2024022106 UV   75597472    0    9.69
2024022106 WD   75597472    0  288.73
2024022107 UV   75597472    0    7.89
2024022107 WD   75597472    0  288.11
2024022108 UV   75597472    0    5.75
2024022108 WD   75597472    0  273.61
2024022109 UV   75597472    0    4.30
2024022109 WD   75597472    0  259.70
2024022110 UV   75597472    0    2.89
2024022110 WD   75597472    0  251.89
2024022111 UV   75597472    0    5.41
2024022111 WD   75597472    0  220.08
2024022112 UV   75597472    0    4.76
2024022112 WD   75597472    0  209.37
2024022113 UV   75597472    0    6.24
2024022113 WD   75597472    0  211.29
2024022114 UV   75597472    0    4.46
2024022114 WD   75597472    0  195.53
2024022115 UV   75597472    0    7.77
2024022115 WD   75597472    0  200.53
2024022116 UV   75597472    0    7.93
2024022116 WD   75597472    0  196.27
2024022117 UV   75597472    0    6.24
2024022117 WD   75597472    0  179.22
2024022118 UV   75597472    0    6.80
2024022118 WD   75597472    0  199.92
2024022119 UV   75597472    0    9.96
2024022119 WD   75597472    0  208.86
2024022120 UV   75597472    0    7.75
2024022120 WD   75597472    0  216.91
2024022121 UV   75597472    0    6.29
2024022121 WD   75597472    0  223.67
2024022122 UV   75597472    0    3.80
2024022122 WD   75597472    0  206.51
2024022123 UV   75597472    0    7.72
2024022123 WD   75597472    0  213.33
2024022200 UV   75597472    0    6.10
2024022200 WD   75597472    0  244.47
2024022201 UV   75597472    0    9.80
2024022201 WD   75597472    0  221.32
2024022202 UV   75597472    0   15.95
2024022202 WD   75597472    0  216.25
2024022203 UV   75597472    0   11.88
2024022203 WD   75597472    0  220.39
2024022204 UV   75597472    0   12.23
2024022204 WD   75597472    0  223.77
2024022205 UV   75597472    0   12.05
2024022205 WD   75597472    0  228.23
2024022206 UV   75597472    0    8.56
2024022206 WD   75597472    0  228.18
2024022207 UV   75597472    0    7.38
2024022207 WD   75597472    0  200.77
2024022208 UV   75597472    0    7.36
2024022208 WD   75597472    0  206.11
2024022209 UV   75597472    0    6.68
2024022209 WD   75597472    0  202.12
2024022210 UV   75597472    0    7.85
2024022210 WD   75597472    0  219.45
2024022211 UV   75597472    0    9.32
2024022211 WD   75597472    0  218.09
2024022212 UV   75597472    0    7.37
2024022212 WD   75597472    0  205.56
2024022213 UV   75597472    0    7.85
2024022213 WD   75597472    0  199.88
2024022214 UV   75597472    0   13.27
2024022214 WD   75597472    0  221.63
2024022215 UV   75597472    0   11.23
2024022215 WD   75597472    0  222.93
2024022216 UV   75597472    0    9.58
2024022216 WD   75597472    0  226.32
2024022217 UV   75597472    0    7.63
2024022217 WD   75597472    0  210.50
2024022218 UV   75597472    0    6.23
2024022218 WD   75597472    0  182.52
2024022219 UV   75597472    0    8.45
2024022219 WD   75597472    0  199.14
2024022220 UV   75597472    0    7.30
2024022220 WD   75597472    0  202.75
2024022221 UV   75597472    0    8.63
2024022221 WD   75597472    0  204.33
2024022222 UV   75597472    0    6.77
2024022222 WD   75597472    0  181.66
2024022223 UV   75597472    0    6.46
2024022223 WD   75597472    0  204.11
2024022300 UV   75597472    0    5.57
2024022300 WD   75597472    0  153.38
2024022301 UV   75597472    0    2.26
2024022301 WD   75597472    0  180.35
2024022302 UV   75597472    0    3.31
2024022302 WD   75597472    0  155.86
2024022303 UV   75597472    0    4.47
2024022303 WD   75597472    0  201.20
2024022304 UV   75597472    0    5.74
2024022304 WD   75597472    0  195.77
2024022305 UV   75597472    0    6.96
2024022305 WD   75597472    0  216.98
2024022306 UV   75597472    0    4.85
2024022306 WD   75597472    0  233.61
2024022307 UV   75597472    0    3.22
2024022307 WD   75597472    0  228.51
2024022308 UV   75597472    0    3.51
2024022308 WD   75597472    0  241.70
2024022309 UV   75597472    0    5.58
2024022309 WD   75597472    0  218.88
2024022310 UV   75597472    0    5.66
2024022310 WD   75597472    0  200.96
2024022311 UV   75597472    0    3.51
2024022311 WD   75597472    0  197.69
2024022312 UV   75597472    0    4.50
2024022312 WD   75597472    0  199.30
2024022313 UV   75597472    0    3.70
2024022313 WD   75597472    0  200.70
2024022314 UV   75597472    0    5.35
2024022314 WD   75597472    0  191.34
2024022315 UV   75597472    0    6.83
2024022315 WD   75597472    0  205.27
2024022316 UV   75597472    0    7.55
2024022316 WD   75597472    0  188.84
2024022317 UV   75597472    0    6.36
2024022317 WD   75597472    0  168.60
2024022318 UV   75597472    0    4.95
2024022318 WD   75597472    0  185.16
2024022319 UV   75597472    0    4.74
2024022319 WD   75597472    0  171.83
2024022320 UV   75597472    0    5.88
2024022320 WD   75597472    0  193.74
2024022321 UV   75597472    0    7.31
2024022321 WD   75597472    0  210.20
2024022322 UV   75597472    0    6.86
2024022322 WD   75597472    0  232.26
2024022323 UV   75597472    0    8.66
2024022323 WD   75597472    0  241.17
2024022400 UV   75597472    0    5.41
2024022400 WD   75597472    0  209.47
2024022401 UV   75597472    0    5.54
2024022401 WD   75597472    0  207.57
2024022402 UV   75597472    0    5.66
2024022402 WD   75597472    0  222.42
2024022403 UV   75597472    0    8.88
2024022403 WD   75597472    0  225.00
2024022404 UV   75597472    0    9.63
2024022404 WD   75597472    0  237.62
2024022405 UV   75597472    0    9.63
2024022405 WD   75597472    0  240.38
2024022406 UV   75597472    0    8.73
2024022406 WD   75597472    0  243.04
2024022407 UV   75597472    0    2.61
2024022407 WD   75597472    0  338.90
2024022408 UV   75597472    0    3.83
2024022408 WD   75597472    0  352.32
2024022409 UV   75597472    0    9.91
2024022409 WD   75597472    0  325.60
2024022410 UV   75597472    0   12.54
2024022410 WD   75597472    0  310.11
2024022411 UV   75597472    0   12.85
2024022411 WD   75597472    0  305.69
2024022412 UV   75597472    0   12.41
2024022412 WD   75597472    0  303.73
2024022413 UV   75597472    0   12.37
2024022413 WD   75597472    0  309.39
2024022414 UV   75597472    0   13.09
2024022414 WD   75597472    0  307.02
2024022415 UV   75597472    0   12.58
2024022415 WD   75597472    0  309.52
2024022416 UV   75597472    0   14.31
2024022416 WD   75597472    0  315.65
2024022417 UV   75597472    0   15.48
2024022417 WD   75597472    0  310.68
2024022418 UV   75597472    0   17.10
2024022418 WD   75597472    0  312.81
2024022419 UV   75597472    0   16.50
2024022419 WD   75597472    0  315.11
2024022420 UV   75597472    0   17.45
2024022420 WD   75597472    0  314.83
2024022421 UV   75597472    0   17.07
2024022421 WD   75597472    0  311.15
2024022422 UV   75597472    0   16.05
2024022422 WD   75597472    0  300.82
2024022423 UV   75597472    0   17.20
2024022423 WD   75597472    0  298.25
2024022500 UV   75597472    0   17.40
2024022500 WD   75597472    0  310.45
2024022501 UV   75597472    0   16.13
2024022501 WD   75597472    0  312.63
2024022502 UV   75597472    0   16.90
2024022502 WD   75597472    0  313.21
2024022503 UV   75597472    0   16.38
2024022503 WD   75597472    0  304.43
2024022504 UV   75597472    0   14.51
2024022504 WD   75597472    0  303.11
2024022505 UV   75597472    0   14.64
2024022505 WD   75597472    0  297.62
2024022506 UV   75597472    0   15.45
2024022506 WD   75597472    0  292.52
2024022507 UV   75597472    0   15.81
2024022507 WD   75597472    0  294.02
2024022508 UV   75597472    0   17.38
2024022508 WD   75597472    0  297.07
2024022509 UV   75597472    0   17.22
2024022509 WD   75597472    0  296.81
2024022510 UV   75597472    0   15.47
2024022510 WD   75597472    0  297.29
2024022511 UV   75597472    0   16.02
2024022511 WD   75597472    0  296.14
2024022512 UV   75597472    0   17.35
2024022512 WD   75597472    0  294.95
2024022513 UV   75597472    0   16.56
2024022513 WD   75597472    0  293.69
2024022514 UV   75597472    0   14.59
2024022514 WD   75597472    0  297.68
2024022515 UV   75597472    0   13.50
2024022515 WD   75597472    0  290.99
2024022516 UV   75597472    0   13.45
2024022516 WD   75597472    0  308.83
2024022517 UV   75597472    0    9.08
2024022517 WD   75597472    0  290.58
2024022518 UV   75597472    0    7.45
2024022518 WD   75597472    0  303.30
2024022519 UV   75597472    0    7.16
2024022519 WD   75597472    0    7.28
2024022520 UV   75597472    0    6.07
2024022520 WD   75597472    0   27.43
2024022521 UV   75597472    0    4.10
2024022521 WD   75597472    0   89.99
2024022522 UV   75597472    0    3.77
2024022522 WD   75597472    0  131.33
2024022523 UV   75597472    0    3.48
2024022523 WD   75597472    0  155.28
2024022600 UV   75597472    0    2.97
2024022600 WD   75597472    0  188.99
2024022601 UV   75597472    0    4.90
2024022601 WD   75597472    0  224.53
2024022602 UV   75597472    0    4.23
2024022602 WD   75597472    0  215.15
2024022603 UV   75597472    0    7.08
2024022603 WD   75597472    0  218.81
2024022604 UV   75597472    0    6.78
2024022604 WD   75597472    0  225.41
2024022605 UV   75597472    0    4.73
2024022605 WD   75597472    0  219.87
2024022606 UV   75597472    0    6.70
2024022606 WD   75597472    0  218.50
2024022607 UV   75597472    0    4.78
2024022607 WD   75597472    0  221.63
2024022608 UV   75597472    0    5.76
2024022608 WD   75597472    0  217.80
2024022609 UV   75597472    0    7.59
2024022609 WD   75597472    0  210.34
2024022610 UV   75597472    0    7.80
2024022610 WD   75597472    0  216.17
2024022611 UV   75597472    0   10.09
2024022611 WD   75597472    0  204.86
2024022612 UV   75597472    0    7.22
2024022612 WD   75597472    0  215.57
2024022613 UV   75597472    0    9.51
2024022613 WD   75597472    0  209.67
2024022614 UV   75597472    0    8.96
2024022614 WD   75597472    0  218.92
2024022615 UV   75597472    0    9.06
2024022615 WD   75597472    0  205.06
2024022616 UV   75597472    0    8.36
2024022616 WD   75597472    0  213.98
2024022617 UV   75597472    0    4.31
2024022617 WD   75597472    0  202.90
2024022618 UV   75597472    0    7.09
2024022618 WD   75597472    0  209.48
2024022619 UV   75597472    0    7.74
2024022619 WD   75597472    0  189.09
2024022620 UV   75597472    0    8.25
2024022620 WD   75597472    0  211.05
2024022621 UV   75597472    0    8.10
2024022621 WD   75597472    0  226.28
2024022622 UV   75597472    0    6.50
2024022622 WD   75597472    0  233.37
2024022623 UV   75597472    0    6.39
2024022623 WD   75597472    0  265.24
2024022700 UV   75597472    0    6.24
2024022700 WD   75597472    0  248.68
2024022701 UV   75597472    0    6.72
2024022701 WD   75597472    0  252.71
2024022702 UV   75597472    0    4.58
2024022702 WD   75597472    0  264.06
2024022703 UV   75597472    0    4.89
2024022703 WD   75597472    0  291.51
2024022704 UV   75597472    0    6.68
2024022704 WD   75597472    0  283.68
2024022705 UV   75597472    0    6.49
2024022705 WD   75597472    0  290.49
2024022706 UV   75597472    0    6.88
2024022706 WD   75597472    0  300.44
2024022707 UV   75597472    0    8.80
2024022707 WD   75597472    0  299.21
2024022708 UV   75597472    0   11.16
2024022708 WD   75597472    0  299.93
2024022709 UV   75597472    0    8.89
2024022709 WD   75597472    0  295.37
2024022710 UV   75597472    0    5.72
2024022710 WD   75597472    0  303.88
2024022711 UV   75597472    0    1.44
2024022711 WD   75597472    0   74.50
2024022712 UV   75597472    0    1.13
2024022712 WD   75597472    0  280.89
2024022713 UV   75597472    0    2.03
2024022713 WD   75597472    0  279.19
2024022714 UV   75597472    0    3.62
2024022714 WD   75597472    0  270.15
2024022715 UV   75597472    0    2.33
2024022715 WD   75597472    0  187.85
2024022716 UV   75597472    0    1.55
2024022716 WD   75597472    0  191.12
2024022717 UV   75597472    0    2.78
2024022717 WD   75597472    0  143.06
2024022718 UV   75597472    0    4.84
2024022718 WD   75597472    0  194.93
2024022719 UV   75597472    0    4.90
2024022719 WD   75597472    0  168.69
2024022720 UV   75597472    0    4.64
2024022720 WD   75597472    0  154.03
2024022721 UV   75597472    0    2.78
2024022721 WD   75597472    0  157.68
2024022722 UV   75597472    0    4.13
2024022722 WD   75597472    0  168.86
2024022723 UV   75597472    0    3.76
2024022723 WD   75597472    0  150.59
2024022800 UV   75597472    0    3.83
2024022800 WD   75597472    0  158.33
2024022801 UV   75597472    0    2.29
2024022801 WD   75597472    0  163.28
2024022802 UV   75597472    0    3.22
2024022802 WD   75597472    0  154.39
2024022803 UV   75597472    0    6.47
2024022803 WD   75597472    0  187.65
2024022804 UV   75597472    0    3.77
2024022804 WD   75597472    0  198.63
2024022805 UV   75597472    0   12.67
2024022805 WD   75597472    0  208.29
2024022806 UV   75597472    0   16.37
2024022806 WD   75597472    0  204.73
2024022807 UV   75597472    0   13.34
2024022807 WD   75597472    0  198.95
2024022808 UV   75597472    0   15.72
2024022808 WD   75597472    0  205.67
2024022809 UV   75597472    0   10.87
2024022809 WD   75597472    0  207.78
2024022810 UV   75597472    0   11.39
2024022810 WD   75597472    0  214.73
2024022811 UV   75597472    0   15.84
2024022811 WD   75597472    0  214.45
2024022812 UV   75597472    0   17.67
2024022812 WD   75597472    0  211.92
2024022813 UV   75597472    0   17.22
2024022813 WD   75597472    0  207.50
2024022814 UV   75597472    0   11.24
2024022814 WD   75597472    0  193.36
2024022815 UV   75597472    0   15.59
2024022815 WD   75597472    0  191.74
2024022816 UV   75597472    0   20.31
2024022816 WD   75597472    0  184.23
2024022817 UV   75597472    0   18.48
2024022817 WD   75597472    0  186.34
2024022818 UV   75597472    0   18.27
2024022818 WD   75597472    0  191.84
2024022819 UV   75597472    0   19.07
2024022819 WD   75597472    0  189.12
2024022820 UV   75597472    0   15.35
2024022820 WD   75597472    0  184.20
2024022821 UV   75597472    0   16.75
2024022821 WD   75597472    0  177.43
2024022822 UV   75597472    0   14.11
2024022822 WD   75597472    0  164.45
2024022823 UV   75597472    0   16.19
2024022823 WD   75597472    0  179.56
2024022900 UV   75597472    0    5.80
2024022900 WD   75597472    0  162.26
2024022901 UV   75597472    0    8.73
2024022901 WD   75597472    0  157.32
2024022902 UV   75597472    0   12.12
2024022902 WD   75597472    0  168.37
2024022903 UV   75597472    0   12.93
2024022903 WD   75597472    0  177.39
2024022904 UV   75597472    0   16.82
2024022904 WD   75597472    0  190.68
2024022905 UV   75597472    0   17.18
2024022905 WD   75597472    0  188.23
2024022906 UV   75597472    0   11.22
2024022906 WD   75597472    0  176.14
2024022907 UV   75597472    0   10.64
2024022907 WD   75597472    0  184.56
2024022908 UV   75597472    0   19.19
2024022908 WD   75597472    0  188.49
2024022909 UV   75597472    0   13.15
2024022909 WD   75597472    0  195.40
2024022910 UV   75597472    0    7.32
2024022910 WD   75597472    0  184.10
2024022911 UV   75597472    0   10.41
2024022911 WD   75597472    0  345.98
2024022912 UV   75597472    0   12.74
2024022912 WD   75597472    0  322.32
2024022913 UV   75597472    0   12.54
2024022913 WD   75597472    0  325.86
2024022914 UV   75597472    0   14.51
2024022914 WD   75597472    0  300.45
2024022915 UV   75597472    0   12.77
2024022915 WD   75597472    0  301.99
2024022916 UV   75597472    0   11.72
2024022916 WD   75597472    0  305.00
2024022917 UV   75597472    0   14.55
2024022917 WD   75597472    0  272.23
2024022918 UV   75597472    0   17.39
2024022918 WD   75597472    0  274.14
2024022919 UV   75597472    0   19.74
2024022919 WD   75597472    0  278.25
2024022920 UV   75597472    0   14.93
2024022920 WD   75597472    0  275.01
2024022921 UV   75597472    0   14.68
2024022921 WD   75597472    0  266.89
2024022922 UV   75597472    0   15.89
2024022922 WD   75597472    0  276.29
2024022923 UV   75597472    0   11.93
2024022923 WD   75597472    0  279.43
2024030100 UV   75597472    0   11.00
2024030100 WD   75597472    0  273.68
2024030101 UV   75597472    0   11.23
2024030101 WD   75597472    0  279.12
2024030102 UV   75597472    0   13.71
2024030102 WD   75597472    0  276.62
2024030103 UV   75597472    0   12.18
2024030103 WD   75597472    0  278.42
2024030104 UV   75597472    0   13.14
2024030104 WD   75597472    0  287.86
2024030105 UV   75597472    0   12.25
2024030105 WD   75597472    0  280.82
2024030106 UV   75597472    0   12.77
2024030106 WD   75597472    0  283.88
2024030107 UV   75597472    0   12.26
2024030107 WD   75597472    0  278.54
2024030108 UV   75597472    0   11.03
2024030108 WD   75597472    0  271.70
2024030109 UV   75597472    0   12.60
2024030109 WD   75597472    0  272.53
2024030110 UV   75597472    0   11.76
2024030110 WD   75597472    0  276.11
2024030111 UV   75597472    0   12.92
2024030111 WD   75597472    0  269.63
2024030112 UV   75597472    0   12.95
2024030112 WD   75597472    0  267.43
2024030113 UV   75597472    0   13.05
2024030113 WD   75597472    0  265.49
2024030114 UV   75597472    0   15.91
2024030114 WD   75597472    0  265.43
2024030115 UV   75597472    0   14.77
2024030115 WD   75597472    0  276.45
2024030116 UV   75597472    0   13.21
2024030116 WD   75597472    0  274.00
2024030117 UV   75597472    0   12.68
2024030117 WD   75597472    0  265.84
2024030118 UV   75597472    0   14.74
2024030118 WD   75597472    0  274.01
2024030119 UV   75597472    0   14.44
2024030119 WD   75597472    0  271.17
2024030120 UV   75597472    0   15.56
2024030120 WD   75597472    0  265.49
2024030121 UV   75597472    0   13.19
2024030121 WD   75597472    0  271.69
2024030122 UV   75597472    0   12.01
2024030122 WD   75597472    0  267.27
2024030123 UV   75597472    0   11.97
2024030123 WD   75597472    0  267.39
2024030200 UV   75597472    0   10.04
2024030200 WD   75597472    0  267.74
2024030201 UV   75597472    0    7.24
2024030201 WD   75597472    0  274.95
2024030202 UV   75597472    0    9.40
2024030202 WD   75597472    0  274.44
2024030203 UV   75597472    0    8.12
2024030203 WD   75597472    0  276.92
2024030204 UV   75597472    0    6.62
2024030204 WD   75597472    0  273.17
2024030205 UV   75597472    0    6.80
2024030205 WD   75597472    0  270.32
2024030206 UV   75597472    0    7.21
2024030206 WD   75597472    0  263.13
2024030207 UV   75597472    0    5.66
2024030207 WD   75597472    0  245.18
2024030208 UV   75597472    0    6.90
2024030208 WD   75597472    0  268.70
2024030209 UV   75597472    0    6.06
2024030209 WD   75597472    0  246.73
2024030210 UV   75597472    0    6.36
2024030210 WD   75597472    0  221.93
2024030211 UV   75597472    0    5.79
2024030211 WD   75597472    0  225.10
2024030212 UV   75597472    0    6.93
2024030212 WD   75597472    0  235.85
2024030213 UV   75597472    0    6.67
2024030213 WD   75597472    0  204.75
2024030214 UV   75597472    0    6.96
2024030214 WD   75597472    0  202.44
2024030215 UV   75597472    0    4.91
2024030215 WD   75597472    0  190.45
2024030216 UV   75597472    0    5.62
2024030216 WD   75597472    0  191.11
2024030217 UV   75597472    0    5.81
2024030217 WD   75597472    0  191.74
2024030218 UV   75597472    0    7.41
2024030218 WD   75597472    0  195.15
2024030219 UV   75597472    0    5.91
2024030219 WD   75597472    0  189.22
2024030220 UV   75597472    0    4.48
2024030220 WD   75597472    0  181.02
2024030221 UV   75597472    0    6.81
2024030221 WD   75597472    0  188.97
2024030222 UV   75597472    0    4.87
2024030222 WD   75597472    0  215.85
2024030223 UV   75597472    0    3.90
2024030223 WD   75597472    0  221.05
2024030300 UV   75597472    0    6.82
2024030300 WD   75597472    0  232.21
2024030301 UV   75597472    0    7.30
2024030301 WD   75597472    0  213.53
2024030302 UV   75597472    0    6.87
2024030302 WD   75597472    0  210.37
2024030303 UV   75597472    0    9.56
2024030303 WD   75597472    0  246.12
2024030304 UV   75597472    0   10.71
2024030304 WD   75597472    0  254.64
2024030305 UV   75597472    0    9.03
2024030305 WD   75597472    0  253.44
2024030306 UV   75597472    0    8.47
2024030306 WD   75597472    0  249.33
2024030307 UV   75597472    0    8.33
2024030307 WD   75597472    0  251.25
2024030308 UV   75597472    0    3.88
2024030308 WD   75597472    0  269.67
2024030309 UV   75597472    0    6.01
2024030309 WD   75597472    0  235.06
2024030310 UV   75597472    0    4.96
2024030310 WD   75597472    0  221.80
2024030311 UV   75597472    0    4.73
2024030311 WD   75597472    0  230.98
2024030312 UV   75597472    0    3.23
2024030312 WD   75597472    0  230.05
2024030313 UV   75597472    0    4.84
2024030313 WD   75597472    0  174.00
2024030314 UV   75597472    0    1.29
2024030314 WD   75597472    0  221.38
2024030315 UV   75597472    0    4.38
2024030315 WD   75597472    0   24.85
2024030316 UV   75597472    0    3.43
2024030316 WD   75597472    0   18.05
2024030317 UV   75597472    0    3.56
2024030317 WD   75597472    0    1.02
2024030318 UV   75597472    0    5.34
2024030318 WD   75597472    0  334.74
2024030319 UV   75597472    0    6.91
2024030319 WD   75597472    0  339.34
2024030320 UV   75597472    0    6.59
2024030320 WD   75597472    0  324.14
2024030321 UV   75597472    0    5.62
2024030321 WD   75597472    0  317.18
2024030322 UV   75597472    0    7.12
2024030322 WD   75597472    0  292.49
2024030323 UV   75597472    0    4.94
2024030323 WD   75597472    0  292.35
2024030400 UV   75597472    0    6.47
2024030400 WD   75597472    0  303.32
2024030401 UV   75597472    0    8.53
2024030401 WD   75597472    0  316.91
2024030402 UV   75597472    0    8.07
2024030402 WD   75597472    0  312.30
2024030403 UV   75597472    0    8.03
2024030403 WD   75597472    0  328.89
2024030404 UV   75597472    0    8.54
2024030404 WD   75597472    0  347.17
2024030405 UV   75597472    0    8.39
2024030405 WD   75597472    0  344.48
2024030406 UV   75597472    0    8.99
2024030406 WD   75597472    0  359.07
2024030407 UV   75597472    0   10.22
2024030407 WD   75597472    0    7.43
2024030408 UV   75597472    0   11.83
2024030408 WD   75597472    0    6.32
2024030409 UV   75597472    0   10.62
2024030409 WD   75597472    0    4.53
2024030410 UV   75597472    0   11.92
2024030410 WD   75597472    0    2.04
2024030411 UV   75597472    0    7.78
2024030411 WD   75597472    0    0.53
2024030412 UV   75597472    0    8.81
2024030412 WD   75597472    0   12.32
2024030413 UV   75597472    0    7.67
2024030413 WD   75597472    0  359.42
2024030414 UV   75597472    0    7.07
2024030414 WD   75597472    0  354.57
2024030415 UV   75597472    0    6.95
2024030415 WD   75597472    0   12.02
2024030416 UV   75597472    0    4.68
2024030416 WD   75597472    0  335.51
2024030417 UV   75597472    0    2.23
2024030417 WD   75597472    0   52.33
2024030418 UV   75597472    0    4.62
2024030418 WD   75597472    0   74.72
2024030419 UV   75597472    0    7.55
2024030419 WD   75597472    0   86.31
2024030420 UV   75597472    0    7.55
2024030420 WD   75597472    0  117.57
2024030421 UV   75597472    0    6.59
2024030421 WD   75597472    0  131.42
2024030422 UV   75597472    0    6.26
2024030422 WD   75597472    0  142.95
2024030423 UV   75597472    0    3.86
2024030423 WD   75597472    0  177.27
2024030500 UV   75597472    0    4.66
2024030500 WD   75597472    0  216.10
2024030501 UV   75597472    0    4.26
2024030501 WD   75597472    0  216.26
2024030502 UV   75597472    0    7.39
2024030502 WD   75597472    0  217.55
2024030503 UV   75597472    0    8.47
2024030503 WD   75597472    0  238.50
2024030504 UV   75597472    0    6.12
2024030504 WD   75597472    0  246.59
2024030505 UV   75597472    0    7.25
2024030505 WD   75597472    0  224.73
2024030506 UV   75597472    0   11.60
2024030506 WD   75597472    0  217.99
2024030507 UV   75597472    0   14.28
2024030507 WD   75597472    0  228.90
2024030508 UV   75597472    0   13.06
2024030508 WD   75597472    0  237.75
2024030509 UV   75597472    0   13.71
2024030509 WD   75597472    0  240.54
2024030510 UV   75597472    0   13.55
2024030510 WD   75597472    0  240.92
2024030511 UV   75597472    0   12.40
2024030511 WD   75597472    0  241.48
2024030512 UV   75597472    0   14.22
2024030512 WD   75597472    0  234.76
2024030513 UV   75597472    0   10.41
2024030513 WD   75597472    0  235.82
2024030514 UV   75597472    0   11.57
2024030514 WD   75597472    0  239.08
2024030515 UV   75597472    0    7.30
2024030515 WD   75597472    0  199.59
2024030516 UV   75597472    0    6.26
2024030516 WD   75597472    0  174.76
2024030517 UV   75597472    0   11.85
2024030517 WD   75597472    0  228.48
2024030518 UV   75597472    0   11.56
2024030518 WD   75597472    0  233.18
2024030519 UV   75597472    0   12.60
2024030519 WD   75597472    0  231.18
2024030520 UV   75597472    0    4.42
2024030520 WD   75597472    0  241.66
2024030521 UV   75597472    0   11.10
2024030521 WD   75597472    0  232.95
2024030522 UV   75597472    0    8.30
2024030522 WD   75597472    0  237.91
2024030523 UV   75597472    0    7.58
2024030523 WD   75597472    0  247.10
2024030600 UV   75597472    0    7.20
2024030600 WD   75597472    0  240.78
2024030601 UV   75597472    0    6.17
2024030601 WD   75597472    0  232.67
2024030602 UV   75597472    0    7.34
2024030602 WD   75597472    0  235.11
2024030603 UV   75597472    0    8.68
2024030603 WD   75597472    0  251.80
2024030604 UV   75597472    0    6.65
2024030604 WD   75597472    0  244.85
2024030605 UV   75597472    0    6.81
2024030605 WD   75597472    0  246.54
2024030606 UV   75597472    0    5.08
2024030606 WD   75597472    0  219.00
2024030607 UV   75597472    0    4.31
2024030607 WD   75597472    0  251.19
2024030608 UV   75597472    0    1.50
2024030608 WD   75597472    0  310.16
2024030609 UV   75597472    0    4.59
2024030609 WD   75597472    0  303.55
2024030610 UV   75597472    0    5.23
2024030610 WD   75597472    0  302.93
2024030611 UV   75597472    0    6.58
2024030611 WD   75597472    0  311.14
2024030612 UV   75597472    0    8.15
2024030612 WD   75597472    0  316.84
2024030613 UV   75597472    0    7.47
2024030613 WD   75597472    0  306.77
2024030614 UV   75597472    0    7.32
2024030614 WD   75597472    0  296.81
2024030615 UV   75597472    0   10.00
2024030615 WD   75597472    0  292.90
2024030616 UV   75597472    0   12.55
2024030616 WD   75597472    0  308.80
2024030617 UV   75597472    0   12.90
2024030617 WD   75597472    0  294.29
2024030618 UV   75597472    0   12.06
2024030618 WD   75597472    0  307.15
2024030619 UV   75597472    0   12.93
2024030619 WD   75597472    0  298.33
2024030620 UV   75597472    0   12.32
2024030620 WD   75597472    0  304.33
2024030621 UV   75597472    0   12.00
2024030621 WD   75597472    0  306.48
2024030622 UV   75597472    0   11.03
2024030622 WD   75597472    0  306.44
2024030623 UV   75597472    0   10.48
2024030623 WD   75597472    0  306.76
2024030700 UV   75597472    0   10.40
2024030700 WD   75597472    0  306.40
2024030701 UV   75597472    0    9.82
2024030701 WD   75597472    0  302.84
2024030702 UV   75597472    0    8.01
2024030702 WD   75597472    0  321.38
2024030703 UV   75597472    0    6.42
2024030703 WD   75597472    0  331.47
2024030704 UV   75597472    0    5.96
2024030704 WD   75597472    0    0.56
2024030705 UV   75597472    0    4.38
2024030705 WD   75597472    0   20.07
2024030706 UV   75597472    0    4.51
2024030706 WD   75597472    0   22.46
2024030707 UV   75597472    0    5.96
2024030707 WD   75597472    0   42.15
2024030708 UV   75597472    0    6.80
2024030708 WD   75597472    0   51.85
2024030709 UV   75597472    0    6.93
2024030709 WD   75597472    0   49.25
2024030710 UV   75597472    0    7.44
2024030710 WD   75597472    0   54.68
2024030711 UV   75597472    0    7.64
2024030711 WD   75597472    0   70.47
2024030712 UV   75597472    0    7.96
2024030712 WD   75597472    0   67.82
2024030713 UV   75597472    0    8.31
2024030713 WD   75597472    0   72.46
2024030714 UV   75597472    0    7.56
2024030714 WD   75597472    0   53.91
2024030715 UV   75597472    0    7.64
2024030715 WD   75597472    0   68.73
2024030716 UV   75597472    0    8.05
2024030716 WD   75597472    0   71.53
2024030717 UV   75597472    0    7.02
2024030717 WD   75597472    0   46.17
2024030718 UV   75597472    0    7.24
2024030718 WD   75597472    0   44.47
2024030719 UV   75597472    0    7.89
2024030719 WD   75597472    0   12.88
2024030720 UV   75597472    0    6.90
2024030720 WD   75597472    0   21.89
2024030721 UV   75597472    0    7.81
2024030721 WD   75597472    0  359.79
2024030722 UV   75597472    0    5.98
2024030722 WD   75597472    0  355.89
2024030723 UV   75597472    0    6.55
2024030723 WD   75597472    0  353.23
2024030800 UV   75597472    0    6.01
2024030800 WD   75597472    0  354.96
2024030801 UV   75597472    0    5.30
2024030801 WD   75597472    0  351.85
2024030802 UV   75597472    0    4.72
2024030802 WD   75597472    0  338.67
2024030803 UV   75597472    0    6.40
2024030803 WD   75597472    0  337.81
2024030804 UV   75597472    0    6.96
2024030804 WD   75597472    0  348.09
2024030805 UV   75597472    0    6.03
2024030805 WD   75597472    0    8.58
2024030806 UV   75597472    0    5.19
2024030806 WD   75597472    0  354.88
2024030807 UV   75597472    0    7.33
2024030807 WD   75597472    0  350.90
2024030808 UV   75597472    0    8.33
2024030808 WD   75597472    0  355.41
2024030809 UV   75597472    0    7.76
2024030809 WD   75597472    0  354.87
2024030810 UV   75597472    0    7.30
2024030810 WD   75597472    0  356.48
2024030811 UV   75597472    0    6.84
2024030811 WD   75597472    0  358.38
2024030812 UV   75597472    0    7.42
2024030812 WD   75597472    0    0.94
2024030813 UV   75597472    0    8.47
2024030813 WD   75597472    0    7.95
2024030814 UV   75597472    0    7.56
2024030814 WD   75597472    0   16.42
2024030815 UV   75597472    0    7.88
2024030815 WD   75597472    0  359.15
2024030816 UV   75597472    0    8.92
2024030816 WD   75597472    0  353.66
2024030817 UV   75597472    0    8.64
2024030817 WD   75597472    0  354.49
2024030818 UV   75597472    0    8.63
2024030818 WD   75597472    0  345.99
2024030819 UV   75597472    0    9.63
2024030819 WD   75597472    0  336.90
2024030820 UV   75597472    0    8.04
2024030820 WD   75597472    0  337.05
2024030821 UV   75597472    0    7.94
2024030821 WD   75597472    0  340.14
2024030822 UV   75597472    0    6.37
2024030822 WD   75597472    0  323.50
2024030823 UV   75597472    0    5.70
2024030823 WD   75597472    0  325.28
2024030900 UV   75597472    0    5.54
2024030900 WD   75597472    0  321.42
2024030901 UV   75597472    0    3.63
2024030901 WD   75597472    0  324.40
2024030902 UV   75597472    0    2.72
2024030902 WD   75597472    0  338.84
2024030903 UV   75597472    0    3.20
2024030903 WD   75597472    0    6.01
2024030904 UV   75597472    0    4.52
2024030904 WD   75597472    0    6.54
2024030905 UV   75597472    0    3.68
2024030905 WD   75597472    0   36.55
2024030906 UV   75597472    0    2.86
2024030906 WD   75597472    0   24.68
2024030907 UV   75597472    0    2.08
2024030907 WD   75597472    0    9.02
2024030908 UV   75597472    0    2.15
2024030908 WD   75597472    0   36.82
2024030909 UV   75597472    0    2.26
2024030909 WD   75597472    0   93.48
2024030910 UV   75597472    0    1.47
2024030910 WD   75597472    0  171.47
2024030911 UV   75597472    0    3.66
2024030911 WD   75597472    0  140.29
2024030912 UV   75597472    0    2.85
2024030912 WD   75597472    0  168.58
2024030913 UV   75597472    0    6.02
2024030913 WD   75597472    0  180.29
2024030914 UV   75597472    0    6.14
2024030914 WD   75597472    0  148.32
2024030915 UV   75597472    0    9.03
2024030915 WD   75597472    0  118.33
2024030916 UV   75597472    0    7.68
2024030916 WD   75597472    0  117.37
2024030917 UV   75597472    0    8.11
2024030917 WD   75597472    0  133.01
2024030918 UV   75597472    0    8.19
2024030918 WD   75597472    0  162.84
2024030919 UV   75597472    0   13.59
2024030919 WD   75597472    0  165.59
2024030920 UV   75597472    0   10.47
2024030920 WD   75597472    0  175.14
2024030921 UV   75597472    0    9.80
2024030921 WD   75597472    0  162.67
2024030922 UV   75597472    0    8.74
2024030922 WD   75597472    0  155.47
2024030923 UV   75597472    0    6.49
2024030923 WD   75597472    0  149.68
2024031000 UV   75597472    0    5.85
2024031000 WD   75597472    0  161.23
2024031001 UV   75597472    0    6.28
2024031001 WD   75597472    0  166.58
2024031002 UV   75597472    0    6.53
2024031002 WD   75597472    0  149.88
2024031003 UV   75597472    0    7.50
2024031003 WD   75597472    0  175.03
2024031004 UV   75597472    0    5.77
2024031004 WD   75597472    0  174.48
2024031005 UV   75597472    0    6.11
2024031005 WD   75597472    0  190.98
2024031006 UV   75597472    0    5.31
2024031006 WD   75597472    0  178.03
2024031007 UV   75597472    0    3.75
2024031007 WD   75597472    0  167.71
2024031008 UV   75597472    0    3.92
2024031008 WD   75597472    0  186.26
2024031009 UV   75597472    0    3.91
2024031009 WD   75597472    0  179.14
2024031010 UV   75597472    0    4.22
2024031010 WD   75597472    0  194.90
2024031011 UV   75597472    0    3.95
2024031011 WD   75597472    0  178.81
2024031012 UV   75597472    0    5.82
2024031012 WD   75597472    0  146.95
2024031013 UV   75597472    0    6.14
2024031013 WD   75597472    0  161.01
2024031014 UV   75597472    0    8.66
2024031014 WD   75597472    0  169.72
2024031015 UV   75597472    0    9.35
2024031015 WD   75597472    0  146.72
2024031016 UV   75597472    0   11.57
2024031016 WD   75597472    0  150.15
2024031017 UV   75597472    0   14.65
2024031017 WD   75597472    0  145.30
2024031018 UV   75597472    0   12.79
2024031018 WD   75597472    0  144.98
2024031019 UV   75597472    0   13.99
2024031019 WD   75597472    0  135.33
2024031020 UV   75597472    0   14.21
2024031020 WD   75597472    0  132.74
2024031021 UV   75597472    0   13.34
2024031021 WD   75597472    0  121.95
2024031022 UV   75597472    0   15.47
2024031022 WD   75597472    0  116.47
2024031023 UV   75597472    0   15.94
2024031023 WD   75597472    0  111.29
2024031100 UV   75597472    0   15.75
2024031100 WD   75597472    0  120.10
2024031101 UV   75597472    0   17.02
2024031101 WD   75597472    0  110.21
2024031102 UV   75597472    0   17.38
2024031102 WD   75597472    0  111.50
2024031103 UV   75597472    0   18.50
2024031103 WD   75597472    0  110.52
2024031104 UV   75597472    0   20.66
2024031104 WD   75597472    0  108.92
2024031105 UV   75597472    0   21.81
2024031105 WD   75597472    0  106.79
2024031106 UV   75597472    0   19.61
2024031106 WD   75597472    0  110.64
2024031107 UV   75597472    0   19.81
2024031107 WD   75597472    0  113.01
2024031108 UV   75597472    0   18.20
2024031108 WD   75597472    0  107.93
2024031109 UV   75597472    0   17.35
2024031109 WD   75597472    0  110.24
2024031110 UV   75597472    0   15.67
2024031110 WD   75597472    0  103.96
2024031111 UV   75597472    0   16.19
2024031111 WD   75597472    0  100.50
2024031112 UV   75597472    0   16.79
2024031112 WD   75597472    0   98.27
2024031113 UV   75597472    0   16.76
2024031113 WD   75597472    0   94.33
2024031114 UV   75597472    0   16.22
2024031114 WD   75597472    0   90.95
2024031115 UV   75597472    0   14.77
2024031115 WD   75597472    0   83.59
2024031116 UV   75597472    0   12.75
2024031116 WD   75597472    0   84.69
2024031117 UV   75597472    0   13.76
2024031117 WD   75597472    0   81.09
2024031118 UV   75597472    0   14.30
2024031118 WD   75597472    0   79.40
2024031119 UV   75597472    0   15.41
2024031119 WD   75597472    0   73.63
2024031120 UV   75597472    0   12.49
2024031120 WD   75597472    0   71.26
2024031121 UV   75597472    0   14.65
2024031121 WD   75597472    0   76.09
2024031122 UV   75597472    0   13.55
2024031122 WD   75597472    0   65.49
2024031123 UV   75597472    0   12.38
2024031123 WD   75597472    0   54.78
2024031200 UV   75597472    0   11.53
2024031200 WD   75597472    0   51.76
2024031201 UV   75597472    0    8.60
2024031201 WD   75597472    0   51.78
2024031202 UV   75597472    0    7.97
2024031202 WD   75597472    0   39.90
2024031203 UV   75597472    0   10.06
2024031203 WD   75597472    0   46.03
2024031204 UV   75597472    0    8.67
2024031204 WD   75597472    0   34.40
2024031205 UV   75597472    0   10.03
2024031205 WD   75597472    0   33.49
2024031206 UV   75597472    0   10.95
2024031206 WD   75597472    0   32.30
2024031207 UV   75597472    0   10.87
2024031207 WD   75597472    0    9.17
2024031208 UV   75597472    0   12.24
2024031208 WD   75597472    0    7.44
2024031209 UV   75597472    0   13.07
2024031209 WD   75597472    0    0.53
2024031210 UV   75597472    0   14.07
2024031210 WD   75597472    0  357.03
2024031211 UV   75597472    0   14.52
2024031211 WD   75597472    0  358.11
2024031212 UV   75597472    0   14.92
2024031212 WD   75597472    0  353.53
2024031213 UV   75597472    0   15.30
2024031213 WD   75597472    0  350.60
2024031214 UV   75597472    0   16.31
2024031214 WD   75597472    0  352.99
2024031215 UV   75597472    0   17.00
2024031215 WD   75597472    0  357.35
2024031216 UV   75597472    0   17.08
2024031216 WD   75597472    0  358.41
2024031217 UV   75597472    0   16.15
2024031217 WD   75597472    0  359.27
2024031218 UV   75597472    0   15.43
2024031218 WD   75597472    0  356.49
2024031219 UV   75597472    0   13.81
2024031219 WD   75597472    0  354.71
2024031220 UV   75597472    0   13.53
2024031220 WD   75597472    0  350.57
2024031221 UV   75597472    0   13.14
2024031221 WD   75597472    0  352.52
2024031222 UV   75597472    0   13.91
2024031222 WD   75597472    0  348.59
2024031223 UV   75597472    0   14.72
2024031223 WD   75597472    0  351.17
2024031300 UV   75597472    0   13.33
2024031300 WD   75597472    0  357.33
2024031301 UV   75597472    0   11.73
2024031301 WD   75597472    0  349.38
2024031302 UV   75597472    0   12.58
2024031302 WD   75597472    0  354.11
2024031303 UV   75597472    0   12.01
2024031303 WD   75597472    0  350.67
2024031304 UV   75597472    0   12.40
2024031304 WD   75597472    0  349.73
2024031305 UV   75597472    0   11.94
2024031305 WD   75597472    0  352.90
2024031306 UV   75597472    0   12.14
2024031306 WD   75597472    0  344.28
2024031307 UV   75597472    0   11.45
2024031307 WD   75597472    0  340.34
2024031308 UV   75597472    0   11.71
2024031308 WD   75597472    0  324.77
2024031309 UV   75597472    0    9.82
2024031309 WD   75597472    0  321.49
2024031310 UV   75597472    0    9.96
2024031310 WD   75597472    0  322.01
2024031311 UV   75597472    0   11.14
2024031311 WD   75597472    0  326.32
2024031312 UV   75597472    0   10.43
2024031312 WD   75597472    0  328.90
2024031313 UV   75597472    0    8.70
2024031313 WD   75597472    0  322.03
2024031314 UV   75597472    0    7.37
2024031314 WD   75597472    0  323.91
2024031315 UV   75597472    0    8.79
2024031315 WD   75597472    0  320.11
2024031316 UV   75597472    0    9.02
2024031316 WD   75597472    0  320.54
2024031317 UV   75597472    0    7.30
2024031317 WD   75597472    0  318.82
2024031318 UV   75597472    0    6.43
2024031318 WD   75597472    0  324.69
2024031319 UV   75597472    0    4.57
2024031319 WD   75597472    0  301.58
2024031320 UV   75597472    0    4.53
2024031320 WD   75597472    0  306.30
2024031321 UV   75597472    0    4.99
2024031321 WD   75597472    0  310.71
2024031322 UV   75597472    0    4.61
2024031322 WD   75597472    0  295.06
2024031323 UV   75597472    0    5.47
2024031323 WD   75597472    0  273.18
2024031400 UV   75597472    0    3.94
2024031400 WD   75597472    0  267.38
2024031401 UV   75597472    0    4.16
2024031401 WD   75597472    0  289.14
2024031402 UV   75597472    0    4.72
2024031402 WD   75597472    0  310.65
2024031403 UV   75597472    0    4.31
2024031403 WD   75597472    0  296.79
2024031404 UV   75597472    0    5.22
2024031404 WD   75597472    0  319.19
2024031405 UV   75597472    0    2.70
2024031405 WD   75597472    0  203.33
2024031406 UV   75597472    0    3.70
2024031406 WD   75597472    0  277.84
2024031407 UV   75597472    0    1.62
2024031407 WD   75597472    0  115.68
2024031408 UV   75597472    0    1.06
2024031408 WD   75597472    0  221.38
2024031409 UV   75597472    0    0.73
2024031409 WD   75597472    0  174.35
2024031410 UV   75597472    0    2.31
2024031410 WD   75597472    0  180.44
2024031411 UV   75597472    0    3.58
2024031411 WD   75597472    0  170.46
2024031412 UV   75597472    0    4.54
2024031412 WD   75597472    0  179.12
2024031413 UV   75597472    0    5.27
2024031413 WD   75597472    0  175.86
2024031414 UV   75597472    0    4.39
2024031414 WD   75597472    0  148.90
2024031415 UV   75597472    0    7.73
2024031415 WD   75597472    0  142.26
2024031416 UV   75597472    0    8.30
2024031416 WD   75597472    0  132.63
2024031417 UV   75597472    0    7.61
2024031417 WD   75597472    0  131.80
2024031418 UV   75597472    0    7.50
2024031418 WD   75597472    0  143.11
2024031419 UV   75597472    0    6.80
2024031419 WD   75597472    0  133.56
2024031420 UV   75597472    0    5.38
2024031420 WD   75597472    0  123.05
2024031421 UV   75597472    0    4.88
2024031421 WD   75597472    0  143.83
2024031422 UV   75597472    0    4.41
2024031422 WD   75597472    0  159.27
2024031423 UV   75597472    0    3.58
2024031423 WD   75597472    0  176.17
2024031500 UV   75597472    0    4.15
2024031500 WD   75597472    0  205.18
2024031501 UV   75597472    0    6.72
2024031501 WD   75597472    0  218.77
2024031502 UV   75597472    0    5.42
2024031502 WD   75597472    0  222.76
2024031503 UV   75597472    0    5.18
2024031503 WD   75597472    0  220.01
2024031504 UV   75597472    0    5.66
2024031504 WD   75597472    0  234.30
2024031505 UV   75597472    0    5.96
2024031505 WD   75597472    0  218.09
2024031506 UV   75597472    0    5.03
2024031506 WD   75597472    0  210.22
2024031507 UV   75597472    0    4.39
2024031507 WD   75597472    0  213.54
2024031508 UV   75597472    0    3.67
2024031508 WD   75597472    0  195.33
2024031509 UV   75597472    0    2.85
2024031509 WD   75597472    0  224.21
2024031510 UV   75597472    0    2.35
2024031510 WD   75597472    0  219.24
2024031511 UV   75597472    0    1.87
2024031511 WD   75597472    0  218.50
2024031512 UV   75597472    0    1.01
2024031512 WD   75597472    0   37.23
2024031513 UV   75597472    0    3.45
2024031513 WD   75597472    0  326.11
2024031514 UV   75597472    0    2.34
2024031514 WD   75597472    0   40.22
2024031515 UV   75597472    0    3.94
2024031515 WD   75597472    0  317.93
2024031516 UV   75597472    0    5.43
2024031516 WD   75597472    0  333.05
2024031517 UV   75597472    0    5.81
2024031517 WD   75597472    0  319.44
2024031518 UV   75597472    0    4.63
2024031518 WD   75597472    0  328.15
2024031519 UV   75597472    0    4.79
2024031519 WD   75597472    0  342.52
2024031520 UV   75597472    0    3.40
2024031520 WD   75597472    0   12.18
2024031521 UV   75597472    0    3.09
2024031521 WD   75597472    0   42.55
2024031522 UV   75597472    0    1.39
2024031522 WD   75597472    0   15.06
2024031523 UV   75597472    0    0.78
2024031523 WD   75597472    0  235.16
2024031600 UV   75597472    0    3.63
2024031600 WD   75597472    0  285.60
2024031601 UV   75597472    0    3.19
2024031601 WD   75597472    0  254.28
2024031602 UV   75597472    0    3.93
2024031602 WD   75597472    0  262.41
2024031603 UV   75597472    0    5.22
2024031603 WD   75597472    0  267.01
2024031604 UV   75597472    0    4.12
2024031604 WD   75597472    0  268.17
2024031605 UV   75597472    0    4.47
2024031605 WD   75597472    0  276.94
2024031606 UV   75597472    0    3.55
2024031606 WD   75597472    0  285.73
2024031607 UV   75597472    0    4.39
2024031607 WD   75597472    0  265.30
2024031608 UV   75597472    0    3.60
2024031608 WD   75597472    0  259.59
2024031609 UV   75597472    0    6.48
2024031609 WD   75597472    0  262.32
2024031610 UV   75597472    0    7.47
2024031610 WD   75597472    0  266.70
2024031611 UV   75597472    0    5.41
2024031611 WD   75597472    0  278.50
2024031612 UV   75597472    0    4.28
2024031612 WD   75597472    0  294.43
2024031613 UV   75597472    0    4.85
2024031613 WD   75597472    0  321.79
2024031614 UV   75597472    0    6.71
2024031614 WD   75597472    0  320.27
2024031615 UV   75597472    0    5.39
2024031615 WD   75597472    0  357.68
2024031616 UV   75597472    0    6.74
2024031616 WD   75597472    0  356.89
2024031617 UV   75597472    0    7.59
2024031617 WD   75597472    0  352.72
2024031618 UV   75597472    0    9.16
2024031618 WD   75597472    0  335.10
2024031619 UV   75597472    0    6.32
2024031619 WD   75597472    0  325.50
2024031620 UV   75597472    0    4.83
2024031620 WD   75597472    0  326.42
2024031621 UV   75597472    0    3.84
2024031621 WD   75597472    0  339.37
2024031622 UV   75597472    0    3.98
2024031622 WD   75597472    0  323.69
2024031623 UV   75597472    0    3.52
2024031623 WD   75597472    0  302.46
2024031700 UV   75597472    0    3.22
2024031700 WD   75597472    0  284.66
2024031701 UV   75597472    0    1.66
2024031701 WD   75597472    0  244.64
2024031702 UV   75597472    0    1.71
2024031702 WD   75597472    0  192.48
2024031703 UV   75597472    0    2.81
2024031703 WD   75597472    0  239.20
2024031704 UV   75597472    0    1.96
2024031704 WD   75597472    0  172.68
2024031705 UV   75597472    0    2.58
2024031705 WD   75597472    0  180.51
2024031706 UV   75597472    0    4.03
2024031706 WD   75597472    0  168.24
2024031707 UV   75597472    0    4.60
2024031707 WD   75597472    0  155.34
2024031708 UV   75597472    0    4.21
2024031708 WD   75597472    0  113.22
2024031709 UV   75597472    0    1.43
2024031709 WD   75597472    0  127.60
2024031710 UV   75597472    0    1.15
2024031710 WD   75597472    0  105.65
2024031711 UV   75597472    0    0.38
2024031711 WD   75597472    0  228.36
2024031712 UV   75597472    0    2.19
2024031712 WD   75597472    0  170.43
2024031713 UV   75597472    0    4.62
2024031713 WD   75597472    0  146.38
2024031714 UV   75597472    0    3.44
2024031714 WD   75597472    0  104.17
2024031715 UV   75597472    0    7.47
2024031715 WD   75597472    0   98.04
2024031716 UV   75597472    0    7.39
2024031716 WD   75597472    0  105.19
2024031717 UV   75597472    0    8.40
2024031717 WD   75597472    0  101.69
2024031718 UV   75597472    0    9.49
2024031718 WD   75597472    0  101.48
2024031719 UV   75597472    0    9.00
2024031719 WD   75597472    0  100.94
2024031720 UV   75597472    0    8.02
2024031720 WD   75597472    0   91.25
2024031721 UV   75597472    0    8.26
2024031721 WD   75597472    0  112.33
2024031722 UV   75597472    0    8.02
2024031722 WD   75597472    0  110.86
2024031723 UV   75597472    0    8.42
2024031723 WD   75597472    0  112.93
2024031800 UV   75597472    0    9.28
2024031800 WD   75597472    0  110.16
2024031801 UV   75597472    0    8.80
2024031801 WD   75597472    0  115.23
2024031802 UV   75597472    0    7.06
2024031802 WD   75597472    0  128.47
2024031803 UV   75597472    0    9.27
2024031803 WD   75597472    0  129.55
2024031804 UV   75597472    0   10.63
2024031804 WD   75597472    0  121.84
2024031805 UV   75597472    0   11.19
2024031805 WD   75597472    0  122.99
2024031806 UV   75597472    0   12.56
2024031806 WD   75597472    0  121.22
2024031807 UV   75597472    0   11.82
2024031807 WD   75597472    0  111.11
2024031808 UV   75597472    0   10.92
2024031808 WD   75597472    0  102.99
2024031809 UV   75597472    0    8.65
2024031809 WD   75597472    0  107.69
2024031810 UV   75597472    0    6.10
2024031810 WD   75597472    0  107.88
2024031811 UV   75597472    0    4.93
2024031811 WD   75597472    0  114.84
2024031812 UV   75597472    0    1.62
2024031812 WD   75597472    0  168.48
2024031813 UV   75597472    0    0.53
2024031813 WD   75597472    0  229.28
2024031814 UV   75597472    0    1.30
2024031814 WD   75597472    0  192.74
2024031815 UV   75597472    0    2.43
2024031815 WD   75597472    0   84.70
2024031816 UV   75597472    0    3.46
2024031816 WD   75597472    0   68.21
2024031817 UV   75597472    0    4.29
2024031817 WD   75597472    0   63.94
2024031818 UV   75597472    0    4.97
2024031818 WD   75597472    0   52.42
2024031819 UV   75597472    0    4.03
2024031819 WD   75597472    0   35.85
2024031820 UV   75597472    0    3.77
2024031820 WD   75597472    0   31.39
2024031821 UV   75597472    0    7.70
2024031821 WD   75597472    0   16.73
2024031822 UV   75597472    0    6.42
2024031822 WD   75597472    0   17.79
2024031823 UV   75597472    0    7.03
2024031823 WD   75597472    0    3.19
2024031900 UV   75597472    0    5.51
2024031900 WD   75597472    0  347.96
2024031901 UV   75597472    0    7.52
2024031901 WD   75597472    0  341.36
2024031902 UV   75597472    0    7.23
2024031902 WD   75597472    0  341.81
2024031903 UV   75597472    0    6.33
2024031903 WD   75597472    0  322.29
2024031904 UV   75597472    0    7.36
2024031904 WD   75597472    0  331.98
2024031905 UV   75597472    0    7.72
2024031905 WD   75597472    0  321.04
2024031906 UV   75597472    0    7.94
2024031906 WD   75597472    0  329.08
2024031907 UV   75597472    0    9.35
2024031907 WD   75597472    0  329.94
2024031908 UV   75597472    0    8.24
2024031908 WD   75597472    0  324.70
2024031909 UV   75597472    0    7.72
2024031909 WD   75597472    0  334.57
2024031910 UV   75597472    0    7.02
2024031910 WD   75597472    0  329.99
2024031911 UV   75597472    0    6.11
2024031911 WD   75597472    0  333.81
2024031912 UV   75597472    0    4.09
2024031912 WD   75597472    0  347.00
2024031913 UV   75597472    0    7.48
2024031913 WD   75597472    0  352.15
2024031914 UV   75597472    0    6.72
2024031914 WD   75597472    0    5.39
2024031915 UV   75597472    0    8.16
2024031915 WD   75597472    0    0.89
2024031916 UV   75597472    0   10.54
2024031916 WD   75597472    0  335.37
2024031917 UV   75597472    0    8.99
2024031917 WD   75597472    0  338.43
2024031918 UV   75597472    0    7.86
2024031918 WD   75597472    0  345.98
2024031919 UV   75597472    0    8.30
2024031919 WD   75597472    0  325.40
2024031920 UV   75597472    0    8.71
2024031920 WD   75597472    0  309.38
2024031921 UV   75597472    0    7.27
2024031921 WD   75597472    0  306.15
2024031922 UV   75597472    0    8.73
2024031922 WD   75597472    0  298.21
2024031923 UV   75597472    0    8.73
2024031923 WD   75597472    0  293.19
2024032000 UV   75597472    0    8.43
2024032000 WD   75597472    0  294.14
2024032001 UV   75597472    0    8.06
2024032001 WD   75597472    0  293.45
2024032002 UV   75597472    0    9.01
2024032002 WD   75597472    0  291.15
2024032003 UV   75597472    0    9.14
2024032003 WD   75597472    0  303.45
2024032004 UV   75597472    0    8.93
2024032004 WD   75597472    0  316.95
2024032005 UV   75597472    0   10.09
2024032005 WD   75597472    0  324.63
2024032006 UV   75597472    0    9.74
2024032006 WD   75597472    0  324.99
2024032007 UV   75597472    0    7.85
2024032007 WD   75597472    0  329.44
2024032008 UV   75597472    0    6.43
2024032008 WD   75597472    0  322.97
2024032009 UV   75597472    0    5.82
2024032009 WD   75597472    0  328.49
2024032010 UV   75597472    0    5.94
2024032010 WD   75597472    0  337.02
2024032011 UV   75597472    0    3.26
2024032011 WD   75597472    0  343.08
2024032012 UV   75597472    0    0.79
2024032012 WD   75597472    0   35.68
2024032013 UV   75597472    0    2.32
2024032013 WD   75597472    0   73.92
2024032014 UV   75597472    0    2.33
2024032014 WD   75597472    0   88.19
2024032015 UV   75597472    0    5.86
2024032015 WD   75597472    0  104.63
2024032016 UV   75597472    0    6.44
2024032016 WD   75597472    0  105.03
2024032017 UV   75597472    0    9.22
2024032017 WD   75597472    0  114.65
2024032018 UV   75597472    0    7.78
2024032018 WD   75597472    0  148.65
2024032019 UV   75597472    0    6.91
2024032019 WD   75597472    0  128.99
2024032020 UV   75597472    0    8.59
2024032020 WD   75597472    0  112.80
2024032021 UV   75597472    0    9.55
2024032021 WD   75597472    0  104.90
2024032022 UV   75597472    0    7.36
2024032022 WD   75597472    0  121.99
2024032023 UV   75597472    0    6.12
2024032023 WD   75597472    0  154.78
2024032100 UV   75597472    0    4.32
2024032100 WD   75597472    0  155.33
2024032101 UV   75597472    0    5.91
2024032101 WD   75597472    0  149.49
2024032102 UV   75597472    0    7.42
2024032102 WD   75597472    0  149.86
2024032103 UV   75597472    0    6.40
2024032103 WD   75597472    0  138.38
2024032104 UV   75597472    0    6.02
2024032104 WD   75597472    0  119.88
2024032105 UV   75597472    0    5.83
2024032105 WD   75597472    0  117.37
2024032106 UV   75597472    0    6.75
2024032106 WD   75597472    0  108.18
2024032107 UV   75597472    0    8.58
2024032107 WD   75597472    0  119.69
2024032108 UV   75597472    0    9.31
2024032108 WD   75597472    0  114.32
2024032109 UV   75597472    0   10.40
2024032109 WD   75597472    0  106.32
2024032110 UV   75597472    0   12.47
2024032110 WD   75597472    0  104.57
2024032111 UV   75597472    0   13.89
2024032111 WD   75597472    0  120.96
2024032112 UV   75597472    0   16.42
2024032112 WD   75597472    0  119.34
2024032113 UV   75597472    0   15.43
2024032113 WD   75597472    0  116.16
2024032114 UV   75597472    0   17.30
2024032114 WD   75597472    0  108.68
2024032115 UV   75597472    0   15.95
2024032115 WD   75597472    0  112.80
2024032116 UV   75597472    0   20.55
2024032116 WD   75597472    0  101.91
2024032117 UV   75597472    0   23.61
2024032117 WD   75597472    0   92.75
2024032118 UV   75597472    0   26.66
2024032118 WD   75597472    0   96.85
2024032119 UV   75597472    0   29.68
2024032119 WD   75597472    0   95.53
2024032120 UV   75597472    0   19.91
2024032120 WD   75597472    0   98.85
2024032121 UV   75597472    0   23.94
2024032121 WD   75597472    0   96.43
2024032122 UV   75597472    0   13.22
2024032122 WD   75597472    0  104.32
2024032123 UV   75597472    0   10.64
2024032123 WD   75597472    0   89.22
2024032200 UV   75597472    0    6.42
2024032200 WD   75597472    0  102.94
2024032201 UV   75597472    0    1.63
2024032201 WD   75597472    0  123.22
2024032202 UV   75597472    0    1.64
2024032202 WD   75597472    0  269.42
2024032203 UV   75597472    0    3.27
2024032203 WD   75597472    0  255.10
2024032204 UV   75597472    0    1.77
2024032204 WD   75597472    0  214.59
2024032205 UV   75597472    0    2.69
2024032205 WD   75597472    0  195.83
2024032206 UV   75597472    0    2.72
2024032206 WD   75597472    0  219.09
2024032207 UV   75597472    0    3.30
2024032207 WD   75597472    0  252.29
2024032208 UV   75597472    0    7.57
2024032208 WD   75597472    0  300.71
2024032209 UV   75597472    0    9.03
2024032209 WD   75597472    0  317.03
2024032210 UV   75597472    0    9.00
2024032210 WD   75597472    0  311.47
2024032211 UV   75597472    0   11.30
2024032211 WD   75597472    0  296.37
2024032212 UV   75597472    0    8.89
2024032212 WD   75597472    0  316.13
2024032213 UV   75597472    0   14.89
2024032213 WD   75597472    0  272.56
2024032214 UV   75597472    0   16.07
2024032214 WD   75597472    0  273.44
2024032215 UV   75597472    0   15.64
2024032215 WD   75597472    0  281.67
2024032216 UV   75597472    0   14.36
2024032216 WD   75597472    0  286.24
2024032217 UV   75597472    0   14.52
2024032217 WD   75597472    0  281.04
2024032218 UV   75597472    0   13.77
2024032218 WD   75597472    0  278.23
2024032219 UV   75597472    0   13.27
2024032219 WD   75597472    0  272.10
2024032220 UV   75597472    0   15.49
2024032220 WD   75597472    0  276.26
2024032221 UV   75597472    0   16.43
2024032221 WD   75597472    0  275.52
2024032222 UV   75597472    0   17.02
2024032222 WD   75597472    0  270.65
2024032223 UV   75597472    0   15.03
2024032223 WD   75597472    0  271.45
2024032300 UV   75597472    0   16.23
2024032300 WD   75597472    0  276.08
2024032301 UV   75597472    0   14.73
2024032301 WD   75597472    0  275.85
2024032302 UV   75597472    0   13.03
2024032302 WD   75597472    0  277.40
2024032303 UV   75597472    0   12.21
2024032303 WD   75597472    0  268.49
2024032304 UV   75597472    0   11.54
2024032304 WD   75597472    0  286.63
2024032305 UV   75597472    0   12.94
2024032305 WD   75597472    0  290.70
2024032306 UV   75597472    0   10.09
2024032306 WD   75597472    0  287.79
2024032307 UV   75597472    0    8.72
2024032307 WD   75597472    0  282.00
2024032308 UV   75597472    0   10.72
2024032308 WD   75597472    0  288.61
2024032309 UV   75597472    0    9.41
2024032309 WD   75597472    0  293.20
2024032310 UV   75597472    0    9.55
2024032310 WD   75597472    0  300.33
2024032311 UV   75597472    0    7.44
2024032311 WD   75597472    0  299.64
2024032312 UV   75597472    0    6.83
2024032312 WD   75597472    0  301.66
2024032313 UV   75597472    0    6.27
2024032313 WD   75597472    0  313.37
2024032314 UV   75597472    0    5.86
2024032314 WD   75597472    0  333.13
2024032315 UV   75597472    0    3.85
2024032315 WD   75597472    0    0.56
2024032316 UV   75597472    0    7.00
2024032316 WD   75597472    0    7.15
2024032317 UV   75597472    0    5.15
2024032317 WD   75597472    0   21.29
2024032318 UV   75597472    0    6.30
2024032318 WD   75597472    0   52.07
2024032319 UV   75597472    0    7.45
2024032319 WD   75597472    0   62.96
2024032320 UV   75597472    0    7.40
2024032320 WD   75597472    0   76.73
2024032321 UV   75597472    0    7.04
2024032321 WD   75597472    0  105.10
2024032322 UV   75597472    0    5.07
2024032322 WD   75597472    0  117.46
2024032323 UV   75597472    0    4.64
2024032323 WD   75597472    0  111.66
2024032400 UV   75597472    0    2.85
2024032400 WD   75597472    0  111.82
2024032401 UV   75597472    0    5.26
2024032401 WD   75597472    0   70.33
2024032402 UV   75597472    0    1.77
2024032402 WD   75597472    0  183.82
2024032403 UV   75597472    0    2.04
2024032403 WD   75597472    0  121.33
2024032404 UV   75597472    0    2.79
2024032404 WD   75597472    0  129.92
2024032405 UV   75597472    0    2.56
2024032405 WD   75597472    0  118.51
2024032406 UV   75597472    0    8.96
2024032406 WD   75597472    0   88.55
2024032407 UV   75597472    0   11.71
2024032407 WD   75597472    0   64.14
2024032408 UV   75597472    0   12.99
2024032408 WD   75597472    0   53.74
2024032409 UV   75597472    0   14.50
2024032409 WD   75597472    0   23.00
2024032410 UV   75597472    0   16.04
2024032410 WD   75597472    0    8.45
2024032411 UV   75597472    0   17.93
2024032411 WD   75597472    0  337.66
2024032412 UV   75597472    0   23.45
2024032412 WD   75597472    0  329.05
2024032413 UV   75597472    0   20.27
2024032413 WD   75597472    0  322.64
2024032414 UV   75597472    0   23.71
2024032414 WD   75597472    0  318.90
2024032415 UV   75597472    0   20.59
2024032415 WD   75597472    0  312.96
2024032416 UV   75597472    0   21.10
2024032416 WD   75597472    0  305.74
2024032417 UV   75597472    0   20.41
2024032417 WD   75597472    0  304.62
2024032418 UV   75597472    0   21.52
2024032418 WD   75597472    0  297.32
2024032419 UV   75597472    0   20.18
2024032419 WD   75597472    0  291.43
2024032420 UV   75597472    0   18.97
2024032420 WD   75597472    0  301.68
2024032421 UV   75597472    0   17.40
2024032421 WD   75597472    0  301.22
2024032422 UV   75597472    0   13.43
2024032422 WD   75597472    0  298.65
2024032423 UV   75597472    0   10.95
2024032423 WD   75597472    0  286.72
2024032500 UV   75597472    0    7.46
2024032500 WD   75597472    0  297.64
2024032501 UV   75597472    0    8.62
2024032501 WD   75597472    0  296.68
2024032502 UV   75597472    0    7.81
2024032502 WD   75597472    0  289.65
2024032503 UV   75597472    0    7.03
2024032503 WD   75597472    0  276.38
2024032504 UV   75597472    0    5.06
2024032504 WD   75597472    0  249.86
2024032505 UV   75597472    0    4.68
2024032505 WD   75597472    0  240.76
2024032506 UV   75597472    0    3.73
2024032506 WD   75597472    0  254.74
2024032507 UV   75597472    0    4.55
2024032507 WD   75597472    0  249.86
2024032508 UV   75597472    0    4.93
2024032508 WD   75597472    0  237.37
2024032509 UV   75597472    0    5.29
2024032509 WD   75597472    0  228.12
2024032510 UV   75597472    0    6.41
2024032510 WD   75597472    0  227.99
2024032511 UV   75597472    0    6.42
2024032511 WD   75597472    0  253.91
2024032512 UV   75597472    0    5.74
2024032512 WD   75597472    0  255.36
2024032513 UV   75597472    0    7.12
2024032513 WD   75597472    0  292.82
2024032514 UV   75597472    0   10.35
2024032514 WD   75597472    0  319.76
2024032515 UV   75597472    0    9.19
2024032515 WD   75597472    0  324.23
2024032516 UV   75597472    0    7.08
2024032516 WD   75597472    0  330.98
2024032517 UV   75597472    0    5.09
2024032517 WD   75597472    0   10.71
2024032518 UV   75597472    0    4.64
2024032518 WD   75597472    0   15.18
2024032519 UV   75597472    0    5.35
2024032519 WD   75597472    0   31.87
2024032520 UV   75597472    0    6.55
2024032520 WD   75597472    0   89.34
2024032521 UV   75597472    0    9.24
2024032521 WD   75597472    0  105.32
2024032522 UV   75597472    0    9.79
2024032522 WD   75597472    0  132.82
2024032523 UV   75597472    0    6.24
2024032523 WD   75597472    0  148.15
2024032600 UV   75597472    0    5.82
2024032600 WD   75597472    0  197.15
2024032601 UV   75597472    0    4.83
2024032601 WD   75597472    0  186.86
2024032602 UV   75597472    0    5.90
2024032602 WD   75597472    0  206.82
2024032603 UV   75597472    0    6.33
2024032603 WD   75597472    0  203.21
2024032604 UV   75597472    0    5.21
2024032604 WD   75597472    0  212.91
2024032605 UV   75597472    0    4.55
2024032605 WD   75597472    0  230.64
2024032606 UV   75597472    0    3.72
2024032606 WD   75597472    0  212.01
2024032607 UV   75597472    0    4.06
2024032607 WD   75597472    0  212.85
2024032608 UV   75597472    0    4.99
2024032608 WD   75597472    0  216.44
2024032609 UV   75597472    0    6.14
2024032609 WD   75597472    0  203.08
2024032610 UV   75597472    0    3.18
2024032610 WD   75597472    0  186.94
2024032611 UV   75597472    0    3.66
2024032611 WD   75597472    0  194.27
2024032612 UV   75597472    0    4.38
2024032612 WD   75597472    0  209.06
2024032613 UV   75597472    0    7.08
2024032613 WD   75597472    0  185.68
2024032614 UV   75597472    0    7.31
2024032614 WD   75597472    0  136.01
2024032615 UV   75597472    0    9.38
2024032615 WD   75597472    0  112.87
2024032616 UV   75597472    0   12.02
2024032616 WD   75597472    0  115.61
2024032617 UV   75597472    0   14.14
2024032617 WD   75597472    0  114.99
2024032618 UV   75597472    0   13.24
2024032618 WD   75597472    0  117.96
2024032619 UV   75597472    0   11.43
2024032619 WD   75597472    0  116.45
2024032620 UV   75597472    0   12.80
2024032620 WD   75597472    0  119.55
2024032621 UV   75597472    0   11.74
2024032621 WD   75597472    0  118.25
2024032622 UV   75597472    0    8.18
2024032622 WD   75597472    0  111.10
2024032623 UV   75597472    0   10.01
2024032623 WD   75597472    0  131.68
2024032700 UV   75597472    0    9.22
2024032700 WD   75597472    0  133.35
2024032701 UV   75597472    0    7.93
2024032701 WD   75597472    0  126.82
2024032702 UV   75597472    0    7.98
2024032702 WD   75597472    0  121.38
2024032703 UV   75597472    0    9.26
2024032703 WD   75597472    0  115.72
2024032704 UV   75597472    0   10.82
2024032704 WD   75597472    0  123.68
2024032705 UV   75597472    0   11.85
2024032705 WD   75597472    0  129.41
2024032706 UV   75597472    0   12.23
2024032706 WD   75597472    0  127.69
2024032707 UV   75597472    0   11.95
2024032707 WD   75597472    0  126.42
2024032708 UV   75597472    0   10.66
2024032708 WD   75597472    0  131.51
2024032709 UV   75597472    0    8.68
2024032709 WD   75597472    0  133.10
2024032710 UV   75597472    0    7.15
2024032710 WD   75597472    0  136.69
2024032711 UV   75597472    0    4.63
2024032711 WD   75597472    0  155.43
2024032712 UV   75597472    0    3.59
2024032712 WD   75597472    0  118.13
2024032713 UV   75597472    0    4.74
2024032713 WD   75597472    0  130.58
2024032714 UV   75597472    0    4.64
2024032714 WD   75597472    0  143.94
2024032715 UV   75597472    0    6.30
2024032715 WD   75597472    0  132.85
2024032716 UV   75597472    0    6.01
2024032716 WD   75597472    0  157.95
2024032717 UV   75597472    0    5.72
2024032717 WD   75597472    0  158.13
2024032718 UV   75597472    0    6.70
2024032718 WD   75597472    0  168.98
2024032719 UV   75597472    0    5.97
2024032719 WD   75597472    0  180.17
2024032720 UV   75597472    0    7.71
2024032720 WD   75597472    0  178.62
2024032721 UV   75597472    0    9.20
2024032721 WD   75597472    0  190.50
2024032722 UV   75597472    0    6.17
2024032722 WD   75597472    0  215.89
2024032723 UV   75597472    0    6.84
2024032723 WD   75597472    0  194.62
2024032800 UV   75597472    0    6.28
2024032800 WD   75597472    0  205.84
2024032801 UV   75597472    0    5.82
2024032801 WD   75597472    0  159.33
2024032802 UV   75597472    0    5.30
2024032802 WD   75597472    0  251.93
2024032803 UV   75597472    0    3.36
2024032803 WD   75597472    0  163.99
2024032804 UV   75597472    0    2.99
2024032804 WD   75597472    0  136.79
2024032805 UV   75597472    0    3.81
2024032805 WD   75597472    0  199.29
2024032806 UV   75597472    0    3.54
2024032806 WD   75597472    0  269.36
2024032807 UV   75597472    0    2.92
2024032807 WD   75597472    0  281.02
2024032808 UV   75597472    0    2.38
2024032808 WD   75597472    0  307.72
2024032809 UV   75597472    0    3.18
2024032809 WD   75597472    0  272.77
2024032810 UV   75597472    0    2.18
2024032810 WD   75597472    0  327.08
2024032811 UV   75597472    0    1.06
2024032811 WD   75597472    0  301.23
2024032812 UV   75597472    0    1.11
2024032812 WD   75597472    0  290.37
2024032813 UV   75597472    0    3.74
2024032813 WD   75597472    0  312.07
2024032814 UV   75597472    0    3.34
2024032814 WD   75597472    0  300.26
2024032815 UV   75597472    0    5.16
2024032815 WD   75597472    0  296.28
2024032816 UV   75597472    0    1.82
2024032816 WD   75597472    0  255.37
2024032817 UV   75597472    0    2.61
2024032817 WD   75597472    0  267.94
2024032818 UV   75597472    0    1.68
2024032818 WD   75597472    0  165.90
2024032819 UV   75597472    0    1.37
2024032819 WD   75597472    0  165.38
2024032820 UV   75597472    0    2.57
2024032820 WD   75597472    0   21.19
2024032821 UV   75597472    0    2.44
2024032821 WD   75597472    0   24.69
2024032822 UV   75597472    0    1.17
2024032822 WD   75597472    0  116.98
2024032823 UV   75597472    0    0.42
2024032823 WD   75597472    0   19.71
2024032900 UV   75597472    0    2.54
2024032900 WD   75597472    0  265.73
2024032901 UV   75597472    0    3.49
2024032901 WD   75597472    0  299.52
2024032902 UV   75597472    0    3.85
2024032902 WD   75597472    0  274.74
2024032903 UV   75597472    0    3.78
2024032903 WD   75597472    0  285.04
2024032904 UV   75597472    0    4.35
2024032904 WD   75597472    0  286.41
2024032905 UV   75597472    0    3.17
2024032905 WD   75597472    0  319.66
2024032906 UV   75597472    0    1.92
2024032906 WD   75597472    0  320.12
2024032907 UV   75597472    0    3.16
2024032907 WD   75597472    0  308.19
2024032908 UV   75597472    0    5.61
2024032908 WD   75597472    0  314.03
2024032909 UV   75597472    0    7.49
2024032909 WD   75597472    0  325.17
2024032910 UV   75597472    0    4.95
2024032910 WD   75597472    0  318.28
2024032911 UV   75597472    0    9.34
2024032911 WD   75597472    0  306.16
2024032912 UV   75597472    0    9.11
2024032912 WD   75597472    0  306.58
2024032913 UV   75597472    0    9.29
2024032913 WD   75597472    0  304.57
2024032914 UV   75597472    0    9.83
2024032914 WD   75597472    0  302.70
2024032915 UV   75597472    0   12.25
2024032915 WD   75597472    0  317.68
2024032916 UV   75597472    0   10.15
2024032916 WD   75597472    0  310.69
2024032917 UV   75597472    0    8.04
2024032917 WD   75597472    0  314.31
2024032918 UV   75597472    0    9.24
2024032918 WD   75597472    0  319.22
2024032919 UV   75597472    0    8.36
2024032919 WD   75597472    0  342.99
2024032920 UV   75597472    0    6.70
2024032920 WD   75597472    0  334.53
2024032921 UV   75597472    0    9.13
2024032921 WD   75597472    0  307.93
2024032922 UV   75597472    0    7.32
2024032922 WD   75597472    0  339.20
2024032923 UV   75597472    0    7.92
2024032923 WD   75597472    0  327.76
2024033000 UV   75597472    0    6.56
2024033000 WD   75597472    0  337.16
2024033001 UV   75597472    0    8.73
2024033001 WD   75597472    0  328.54
2024033002 UV   75597472    0    5.87
2024033002 WD   75597472    0  323.91
2024033003 UV   75597472    0    6.17
2024033003 WD   75597472    0  307.71
2024033004 UV   75597472    0    8.04
2024033004 WD   75597472    0  333.84
2024033005 UV   75597472    0    2.83
2024033005 WD   75597472    0  273.22
2024033006 UV   75597472    0    4.74
2024033006 WD   75597472    0  315.39
2024033007 UV   75597472    0    3.54
2024033007 WD   75597472    0  321.68
2024033008 UV   75597472    0    3.15
2024033008 WD   75597472    0  315.33
2024033009 UV   75597472    0    1.67
2024033009 WD   75597472    0   10.49
2024033010 UV   75597472    0    1.65
2024033010 WD   75597472    0   66.52
2024033011 UV   75597472    0    2.27
2024033011 WD   75597472    0   85.04
2024033012 UV   75597472    0    3.65
2024033012 WD   75597472    0   88.06
2024033013 UV   75597472    0    4.61
2024033013 WD   75597472    0   93.79
2024033014 UV   75597472    0    4.08
2024033014 WD   75597472    0   92.22
2024033015 UV   75597472    0    4.46
2024033015 WD   75597472    0   89.28
2024033016 UV   75597472    0    1.68
2024033016 WD   75597472    0   67.23
2024033017 UV   75597472    0    2.96
2024033017 WD   75597472    0  314.17
2024033018 UV   75597472    0    4.69
2024033018 WD   75597472    0  308.73
2024033019 UV   75597472    0    8.10
2024033019 WD   75597472    0  312.74
2024033020 UV   75597472    0    8.66
2024033020 WD   75597472    0  330.73
2024033021 UV   75597472    0   10.44
2024033021 WD   75597472    0  325.14
2024033022 UV   75597472    0    9.80
2024033022 WD   75597472    0  298.33
2024033023 UV   75597472    0   11.72
2024033023 WD   75597472    0  288.56
2024033100 UV   75597472    0   12.75
2024033100 WD   75597472    0  279.13
2024033101 UV   75597472    0   11.28
2024033101 WD   75597472    0  282.98
2024033102 UV   75597472    0   13.53
2024033102 WD   75597472    0  287.72
2024033103 UV   75597472    0   13.89
2024033103 WD   75597472    0  287.10
2024033104 UV   75597472    0   12.13
2024033104 WD   75597472    0  283.69
2024033105 UV   75597472    0   10.89
2024033105 WD   75597472    0  292.64
2024033106 UV   75597472    0   10.42
2024033106 WD   75597472    0  293.58
2024033107 UV   75597472    0   10.78
2024033107 WD   75597472    0  286.13
2024033108 UV   75597472    0   10.99
2024033108 WD   75597472    0  286.99
2024033109 UV   75597472    0   11.18
2024033109 WD   75597472    0  282.31
2024033110 UV   75597472    0    9.15
2024033110 WD   75597472    0  277.13
2024033111 UV   75597472    0   10.85
2024033111 WD   75597472    0  274.47
2024033112 UV   75597472    0   10.40
2024033112 WD   75597472    0  269.62
2024033113 UV   75597472    0    7.21
2024033113 WD   75597472    0  286.18
2024033114 UV   75597472    0    9.69
2024033114 WD   75597472    0  286.75
2024033115 UV   75597472    0   10.90
2024033115 WD   75597472    0  301.78
2024033116 UV   75597472    0   12.04
2024033116 WD   75597472    0  282.23
2024033117 UV   75597472    0   10.94
2024033117 WD   75597472    0  293.65
2024033118 UV   75597472    0   10.18
2024033118 WD   75597472    0  305.76
2024033119 UV   75597472    0    5.05
2024033119 WD   75597472    0  308.64
2024033120 UV   75597472    0    4.58
2024033120 WD   75597472    0  287.96
2024033121 UV   75597472    0    9.26
2024033121 WD   75597472    0  304.67
2024033122 UV   75597472    0    8.71
2024033122 WD   75597472    0  302.21
2024033123 UV   75597472    0    7.34
2024033123 WD   75597472    0  286.42
2024040100 UV   75597472    0    7.75
2024040100 WD   75597472    0  274.25
2024040101 UV   75597472    0    9.04
2024040101 WD   75597472    0  275.19
2024040102 UV   75597472    0    9.67
2024040102 WD   75597472    0  285.66
2024040103 UV   75597472    0    8.10
2024040103 WD   75597472    0  300.02
2024040104 UV   75597472    0    7.19
2024040104 WD   75597472    0  313.39
2024040105 UV   75597472    0    8.03
2024040105 WD   75597472    0  323.35
2024040106 UV   75597472    0    9.46
2024040106 WD   75597472    0  316.56
2024040107 UV   75597472    0    9.14
2024040107 WD   75597472    0  313.25
2024040108 UV   75597472    0    9.28
2024040108 WD   75597472    0  313.42
2024040109 UV   75597472    0    9.79
2024040109 WD   75597472    0  311.89
2024040110 UV   75597472    0    9.51
2024040110 WD   75597472    0  310.26
2024040111 UV   75597472    0    9.69
2024040111 WD   75597472    0  310.12
2024040112 UV   75597472    0   12.12
2024040112 WD   75597472    0  321.00
2024040113 UV   75597472    0   13.76
2024040113 WD   75597472    0  327.32
2024040114 UV   75597472    0   11.53
2024040114 WD   75597472    0  326.27
2024040115 UV   75597472    0   12.96
2024040115 WD   75597472    0  327.08
2024040116 UV   75597472    0   13.58
2024040116 WD   75597472    0  327.48
2024040117 UV   75597472    0   14.85
2024040117 WD   75597472    0  328.99
2024040118 UV   75597472    0   14.42
2024040118 WD   75597472    0  330.66
2024040119 UV   75597472    0   12.81
2024040119 WD   75597472    0  314.15
2024040120 UV   75597472    0   13.89
2024040120 WD   75597472    0  318.18
2024040121 UV   75597472    0   13.11
2024040121 WD   75597472    0  313.88
2024040122 UV   75597472    0   12.65
2024040122 WD   75597472    0  305.05
2024040123 UV   75597472    0    7.81
2024040123 WD   75597472    0  300.89
2024040200 UV   75597472    0    7.50
2024040200 WD   75597472    0  294.43
2024040201 UV   75597472    0    7.32
2024040201 WD   75597472    0  294.97
2024040202 UV   75597472    0    8.36
2024040202 WD   75597472    0  295.56
2024040203 UV   75597472    0    8.92
2024040203 WD   75597472    0  300.62
2024040204 UV   75597472    0    9.38
2024040204 WD   75597472    0  299.62
2024040205 UV   75597472    0    7.76
2024040205 WD   75597472    0  296.68
2024040206 UV   75597472    0    7.40
2024040206 WD   75597472    0  293.55
2024040207 UV   75597472    0    7.40
2024040207 WD   75597472    0  310.01
2024040208 UV   75597472    0    8.04
2024040208 WD   75597472    0  292.90
2024040209 UV   75597472    0    6.57
2024040209 WD   75597472    0  300.47
2024040210 UV   75597472    0    6.72
2024040210 WD   75597472    0  284.07
2024040211 UV   75597472    0    8.48
2024040211 WD   75597472    0  301.03
2024040212 UV   75597472    0    7.94
2024040212 WD   75597472    0  303.41
2024040213 UV   75597472    0   10.83
2024040213 WD   75597472    0  316.41
2024040214 UV   75597472    0    9.59
2024040214 WD   75597472    0  309.91
2024040215 UV   75597472    0    9.61
2024040215 WD   75597472    0  312.12
2024040216 UV   75597472    0    8.01
2024040216 WD   75597472    0  308.55
2024040217 UV   75597472    0    7.91
2024040217 WD   75597472    0  312.26
2024040218 UV   75597472    0    5.23
2024040218 WD   75597472    0  335.77
2024040219 UV   75597472    0    2.29
2024040219 WD   75597472    0  342.67
2024040220 UV   75597472    0    1.52
2024040220 WD   75597472    0  285.83
2024040221 UV   75597472    0    1.77
2024040221 WD   75597472    0  280.96
2024040222 UV   75597472    0    2.03
2024040222 WD   75597472    0  306.02
2024040223 UV   75597472    0    2.64
2024040223 WD   75597472    0  306.44
2024040300 UV   75597472    0    3.36
2024040300 WD   75597472    0  311.38
2024040301 UV   75597472    0    3.31
2024040301 WD   75597472    0  289.26
2024040302 UV   75597472    0    3.23
2024040302 WD   75597472    0  306.96
2024040303 UV   75597472    0    3.78
2024040303 WD   75597472    0  286.00
2024040304 UV   75597472    0    3.87
2024040304 WD   75597472    0  284.92
2024040305 UV   75597472    0    5.32
2024040305 WD   75597472    0  272.81
2024040306 UV   75597472    0    1.96
2024040306 WD   75597472    0  258.10
2024040307 UV   75597472    0    3.11
2024040307 WD   75597472    0  312.49
2024040308 UV   75597472    0    0.83
2024040308 WD   75597472    0  292.37
2024040309 UV   75597472    0    1.24
2024040309 WD   75597472    0  335.43
2024040310 UV   75597472    0    1.86
2024040310 WD   75597472    0    3.08
2024040311 UV   75597472    0    2.62
2024040311 WD   75597472    0   17.04
2024040312 UV   75597472    0    3.89
2024040312 WD   75597472    0   31.66
2024040313 UV   75597472    0    6.15
2024040313 WD   75597472    0   11.57
2024040314 UV   75597472    0    5.01
2024040314 WD   75597472    0   14.29
2024040315 UV   75597472    0    5.14
2024040315 WD   75597472    0   21.07
2024040316 UV   75597472    0    5.49
2024040316 WD   75597472    0   14.34
2024040317 UV   75597472    0    2.91
2024040317 WD   75597472    0   26.11
2024040318 UV   75597472    0    2.50
2024040318 WD   75597472    0   42.22
2024040319 UV   75597472    0    2.74
2024040319 WD   75597472    0   76.21
2024040320 UV   75597472    0    1.40
2024040320 WD   75597472    0  258.96
2024040321 UV   75597472    0    1.15
2024040321 WD   75597472    0  336.48
2024040322 UV   75597472    0    2.22
2024040322 WD   75597472    0  304.24
2024040323 UV   75597472    0    5.40
2024040323 WD   75597472    0  303.88
2024040400 UV   75597472    0    6.87
2024040400 WD   75597472    0  281.37
2024040401 UV   75597472    0    5.05
2024040401 WD   75597472    0  272.45
2024040402 UV   75597472    0    4.70
2024040402 WD   75597472    0  266.90
2024040403 UV   75597472    0    4.61
2024040403 WD   75597472    0  292.63
2024040404 UV   75597472    0    4.92
2024040404 WD   75597472    0  282.33
2024040405 UV   75597472    0    5.22
2024040405 WD   75597472    0  291.31
2024040406 UV   75597472    0    4.02
2024040406 WD   75597472    0  275.48
2024040407 UV   75597472    0    3.37
2024040407 WD   75597472    0  259.52
2024040408 UV   75597472    0    2.40
2024040408 WD   75597472    0  304.75
2024040409 UV   75597472    0    1.44
2024040409 WD   75597472    0  299.86
2024040410 UV   75597472    0    2.66
2024040410 WD   75597472    0  304.70
2024040411 UV   75597472    0    2.12
2024040411 WD   75597472    0  310.76
2024040412 UV   75597472    0    9.19
2024040412 WD   75597472    0   91.99
2024040413 UV   75597472    0   10.65
2024040413 WD   75597472    0   80.17
2024040414 UV   75597472    0    7.95
2024040414 WD   75597472    0   78.17
2024040415 UV   75597472    0    6.46
2024040415 WD   75597472    0   76.17
2024040416 UV   75597472    0    7.11
2024040416 WD   75597472    0   84.89
2024040417 UV   75597472    0    7.19
2024040417 WD   75597472    0   93.33
2024040418 UV   75597472    0    6.27
2024040418 WD   75597472    0  112.29
2024040419 UV   75597472    0    6.85
2024040419 WD   75597472    0   88.83
2024040420 UV   75597472    0    8.39
2024040420 WD   75597472    0   93.02
2024040421 UV   75597472    0    7.55
2024040421 WD   75597472    0  106.70
2024040422 UV   75597472    0    5.36
2024040422 WD   75597472    0   98.96
2024040423 UV   75597472    0    7.46
2024040423 WD   75597472    0   92.71
2024040500 UV   75597472    0    7.96
2024040500 WD   75597472    0   93.12
2024040501 UV   75597472    0   10.08
2024040501 WD   75597472    0   96.87
2024040502 UV   75597472    0   10.99
2024040502 WD   75597472    0   97.71
2024040503 UV   75597472    0   12.06
2024040503 WD   75597472    0   98.10
2024040504 UV   75597472    0   12.02
2024040504 WD   75597472    0   98.70
2024040505 UV   75597472    0   12.44
2024040505 WD   75597472    0   98.00
2024040506 UV   75597472    0   12.51
2024040506 WD   75597472    0   96.27
2024040507 UV   75597472    0   13.15
2024040507 WD   75597472    0   93.16
2024040508 UV   75597472    0   12.86
2024040508 WD   75597472    0   80.25
2024040509 UV   75597472    0   12.15
2024040509 WD   75597472    0   75.22
2024040510 UV   75597472    0   12.28
2024040510 WD   75597472    0   83.29
2024040511 UV   75597472    0   11.67
2024040511 WD   75597472    0   75.53
2024040512 UV   75597472    0   12.12
2024040512 WD   75597472    0   81.11
2024040513 UV   75597472    0   13.69
2024040513 WD   75597472    0   81.34
2024040514 UV   75597472    0   13.09
2024040514 WD   75597472    0   76.95
2024040515 UV   75597472    0   13.53
2024040515 WD   75597472    0   72.50
2024040516 UV   75597472    0   15.02
2024040516 WD   75597472    0   72.86
2024040517 UV   75597472    0   13.84
2024040517 WD   75597472    0   75.09
2024040518 UV   75597472    0   13.36
2024040518 WD   75597472    0   73.79
2024040519 UV   75597472    0   13.74
2024040519 WD   75597472    0   80.94
2024040520 UV   75597472    0   13.65
2024040520 WD   75597472    0   76.69
2024040521 UV   75597472    0   15.10
2024040521 WD   75597472    0   81.24
2024040522 UV   75597472    0   14.78
2024040522 WD   75597472    0   84.67
2024040523 UV   75597472    0   12.43
2024040523 WD   75597472    0   83.67
2024040600 UV   75597472    0   11.26
2024040600 WD   75597472    0   83.01
2024040601 UV   75597472    0   11.19
2024040601 WD   75597472    0   80.12
2024040602 UV   75597472    0   11.46
2024040602 WD   75597472    0   82.39
2024040603 UV   75597472    0    9.75
2024040603 WD   75597472    0   80.04
2024040604 UV   75597472    0    8.77
2024040604 WD   75597472    0   73.61
2024040605 UV   75597472    0    9.59
2024040605 WD   75597472    0   74.12
2024040606 UV   75597472    0    8.76
2024040606 WD   75597472    0   69.58
2024040607 UV   75597472    0   11.07
2024040607 WD   75597472    0   75.37
2024040608 UV   75597472    0    9.71
2024040608 WD   75597472    0   70.71
2024040609 UV   75597472    0   11.51
2024040609 WD   75597472    0   72.53
2024040610 UV   75597472    0   12.88
2024040610 WD   75597472    0   64.59
2024040611 UV   75597472    0   12.85
2024040611 WD   75597472    0   59.24
2024040612 UV   75597472    0   13.13
2024040612 WD   75597472    0   57.34
2024040613 UV   75597472    0   12.45
2024040613 WD   75597472    0   57.33
2024040614 UV   75597472    0   12.78
2024040614 WD   75597472    0   62.13
2024040615 UV   75597472    0   11.56
2024040615 WD   75597472    0   59.35
2024040616 UV   75597472    0   11.23
2024040616 WD   75597472    0   57.82
2024040617 UV   75597472    0   12.13
2024040617 WD   75597472    0   63.16
2024040618 UV   75597472    0   10.68
2024040618 WD   75597472    0   59.65
2024040619 UV   75597472    0    8.90
2024040619 WD   75597472    0   65.85
2024040620 UV   75597472    0    9.39
2024040620 WD   75597472    0   72.49
2024040621 UV   75597472    0    7.92
2024040621 WD   75597472    0   89.24
2024040622 UV   75597472    0    5.81
2024040622 WD   75597472    0   83.16
2024040623 UV   75597472    0    3.85
2024040623 WD   75597472    0   82.38
2024040700 UV   75597472    0    3.19
2024040700 WD   75597472    0   65.97
2024040701 UV   75597472    0    2.41
2024040701 WD   75597472    0  352.93
2024040702 UV   75597472    0    6.56
2024040702 WD   75597472    0  333.05
2024040703 UV   75597472    0    6.97
2024040703 WD   75597472    0  322.84
2024040704 UV   75597472    0    7.09
2024040704 WD   75597472    0  303.34
2024040705 UV   75597472    0    5.18
2024040705 WD   75597472    0  318.33
2024040706 UV   75597472    0    4.52
2024040706 WD   75597472    0  326.13
2024040707 UV   75597472    0    3.18
2024040707 WD   75597472    0  335.66
2024040708 UV   75597472    0    6.22
2024040708 WD   75597472    0  336.77
2024040709 UV   75597472    0    6.63
2024040709 WD   75597472    0  322.32
2024040710 UV   75597472    0    6.63
2024040710 WD   75597472    0  336.16
2024040711 UV   75597472    0    6.72
2024040711 WD   75597472    0  351.22
2024040712 UV   75597472    0    4.77
2024040712 WD   75597472    0  339.12
2024040713 UV   75597472    0    6.53
2024040713 WD   75597472    0  343.68
2024040714 UV   75597472    0    8.53
2024040714 WD   75597472    0  323.26
2024040715 UV   75597472    0    7.25
2024040715 WD   75597472    0  320.43
2024040716 UV   75597472    0    7.71
2024040716 WD   75597472    0  331.84
2024040717 UV   75597472    0   10.91
2024040717 WD   75597472    0  303.48
2024040718 UV   75597472    0    9.77
2024040718 WD   75597472    0  313.40
2024040719 UV   75597472    0   11.13
2024040719 WD   75597472    0  300.54
2024040720 UV   75597472    0    9.88
2024040720 WD   75597472    0  301.65
2024040721 UV   75597472    0    8.56
2024040721 WD   75597472    0  293.49
2024040722 UV   75597472    0    7.94
2024040722 WD   75597472    0  279.63
2024040723 UV   75597472    0    7.56
2024040723 WD   75597472    0  276.69
2024040800 UV   75597472    0    5.30
2024040800 WD   75597472    0  294.86
2024040801 UV   75597472    0    5.18
2024040801 WD   75597472    0  287.66
2024040802 UV   75597472    0    4.32
2024040802 WD   75597472    0  293.85
2024040803 UV   75597472    0    3.16
2024040803 WD   75597472    0  313.71
2024040804 UV   75597472    0    2.91
2024040804 WD   75597472    0  320.38
2024040805 UV   75597472    0    3.07
2024040805 WD   75597472    0  312.37
2024040806 UV   75597472    0    4.06
2024040806 WD   75597472    0  306.14
2024040807 UV   75597472    0    3.88
2024040807 WD   75597472    0  284.22
2024040808 UV   75597472    0    3.56
2024040808 WD   75597472    0  255.30
2024040809 UV   75597472    0    2.19
2024040809 WD   75597472    0  278.86
2024040810 UV   75597472    0    2.57
2024040810 WD   75597472    0  249.94
2024040811 UV   75597472    0    2.92
2024040811 WD   75597472    0  218.30
2024040812 UV   75597472    0    1.57
2024040812 WD   75597472    0   26.70
2024040813 UV   75597472    0    2.39
2024040813 WD   75597472    0   61.14
2024040814 UV   75597472    0    5.23
2024040814 WD   75597472    0   40.39
2024040815 UV   75597472    0    3.50
2024040815 WD   75597472    0   32.26
2024040816 UV   75597472    0    4.35
2024040816 WD   75597472    0    3.71
2024040817 UV   75597472    0   15.11
2024040817 WD   75597472    0  311.41
2024040818 UV   75597472    0   14.32
2024040818 WD   75597472    0  311.83
2024040819 UV   75597472    0   13.05
2024040819 WD   75597472    0  308.36
2024040820 UV   75597472    0   15.46
2024040820 WD   75597472    0  308.91
2024040821 UV   75597472    0   16.37
2024040821 WD   75597472    0  311.48
2024040822 UV   75597472    0    8.11
2024040822 WD   75597472    0  304.78
2024040823 UV   75597472    0    6.41
2024040823 WD   75597472    0  311.98
2024040900 UV   75597472    0    9.49
2024040900 WD   75597472    0  316.90
2024040901 UV   75597472    0   10.36
2024040901 WD   75597472    0  321.84
2024040902 UV   75597472    0   11.37
2024040902 WD   75597472    0  321.82
2024040903 UV   75597472    0    9.06
2024040903 WD   75597472    0  341.36
2024040904 UV   75597472    0   10.63
2024040904 WD   75597472    0  344.55
2024040905 UV   75597472    0   11.30
2024040905 WD   75597472    0  346.01
2024040906 UV   75597472    0   10.74
2024040906 WD   75597472    0  345.53
2024040907 UV   75597472    0   10.20
2024040907 WD   75597472    0  353.99
2024040908 UV   75597472    0   10.52
2024040908 WD   75597472    0    5.29
2024040909 UV   75597472    0   11.63
2024040909 WD   75597472    0   11.44
2024040910 UV   75597472    0   11.78
2024040910 WD   75597472    0   13.41
2024040911 UV   75597472    0   11.41
2024040911 WD   75597472    0    9.56
2024040912 UV   75597472    0   10.39
2024040912 WD   75597472    0    6.53
2024040913 UV   75597472    0    9.53
2024040913 WD   75597472    0   15.79
2024040914 UV   75597472    0   10.42
2024040914 WD   75597472    0    2.38
2024040915 UV   75597472    0   10.66
2024040915 WD   75597472    0    6.29
2024040916 UV   75597472    0    9.02
2024040916 WD   75597472    0    5.46
2024040917 UV   75597472    0   11.01
2024040917 WD   75597472    0  353.65
2024040918 UV   75597472    0   11.49
2024040918 WD   75597472    0  345.18
2024040919 UV   75597472    0   11.19
2024040919 WD   75597472    0  343.28
2024040920 UV   75597472    0    9.84
2024040920 WD   75597472    0  331.78
2024040921 UV   75597472    0    7.26
2024040921 WD   75597472    0  323.23
2024040922 UV   75597472    0    5.81
2024040922 WD   75597472    0  329.81
2024040923 UV   75597472    0    4.33
2024040923 WD   75597472    0  304.79
2024041000 UV   75597472    0    3.83
2024041000 WD   75597472    0  282.11
2024041001 UV   75597472    0    3.71
2024041001 WD   75597472    0  282.06
2024041002 UV   75597472    0    2.49
2024041002 WD   75597472    0  249.56
2024041003 UV   75597472    0    3.86
2024041003 WD   75597472    0  260.20
2024041004 UV   75597472    0    5.06
2024041004 WD   75597472    0  279.21
2024041005 UV   75597472    0    6.09
2024041005 WD   75597472    0  324.74
2024041006 UV   75597472    0    4.14
2024041006 WD   75597472    0  313.30
2024041007 UV   75597472    0    2.95
2024041007 WD   75597472    0  324.23
2024041008 UV   75597472    0    1.94
2024041008 WD   75597472    0  339.55
2024041009 UV   75597472    0    2.94
2024041009 WD   75597472    0   12.65
2024041010 UV   75597472    0    1.80
2024041010 WD   75597472    0   59.64
2024041011 UV   75597472    0    1.11
2024041011 WD   75597472    0  116.12
2024041012 UV   75597472    0    0.13
2024041012 WD   75597472    0  165.56
2024041013 UV   75597472    0    0.80
2024041013 WD   75597472    0  195.29
2024041014 UV   75597472    0    2.06
2024041014 WD   75597472    0   42.82
2024041015 UV   75597472    0    5.82
2024041015 WD   75597472    0   84.44
2024041016 UV   75597472    0    8.22
2024041016 WD   75597472    0   84.61
2024041017 UV   75597472    0    7.13
2024041017 WD   75597472    0   90.75
2024041018 UV   75597472    0    5.72
2024041018 WD   75597472    0   89.25
2024041019 UV   75597472    0    5.49
2024041019 WD   75597472    0   90.54
2024041020 UV   75597472    0    5.70
2024041020 WD   75597472    0   89.41
2024041021 UV   75597472    0    6.40
2024041021 WD   75597472    0   85.57
2024041022 UV   75597472    0    4.94
2024041022 WD   75597472    0  104.98
2024041023 UV   75597472    0    5.26
2024041023 WD   75597472    0   99.78
2024041100 UV   75597472    0    5.02
2024041100 WD   75597472    0  142.39
2024041101 UV   75597472    0    6.55
2024041101 WD   75597472    0  199.45
2024041102 UV   75597472    0    4.90
2024041102 WD   75597472    0  199.23
2024041103 UV   75597472    0    5.46
2024041103 WD   75597472    0  183.04
2024041104 UV   75597472    0    6.63
2024041104 WD   75597472    0  205.47
2024041105 UV   75597472    0    7.43
2024041105 WD   75597472    0  211.10
2024041106 UV   75597472    0    7.12
2024041106 WD   75597472    0  200.03
2024041107 UV   75597472    0    6.19
2024041107 WD   75597472    0  208.51
2024041108 UV   75597472    0    6.67
2024041108 WD   75597472    0  211.22
2024041109 UV   75597472    0    5.91
2024041109 WD   75597472    0  203.94
2024041110 UV   75597472    0    6.96
2024041110 WD   75597472    0  209.58
2024041111 UV   75597472    0    8.82
2024041111 WD   75597472    0  208.62
2024041112 UV   75597472    0    8.01
2024041112 WD   75597472    0  199.82
2024041113 UV   75597472    0    7.10
2024041113 WD   75597472    0  178.40
2024041114 UV   75597472    0    5.75
2024041114 WD   75597472    0  166.06
2024041115 UV   75597472    0    8.53
2024041115 WD   75597472    0  172.95
2024041116 UV   75597472    0    8.53
2024041116 WD   75597472    0  182.76
2024041117 UV   75597472    0    5.62
2024041117 WD   75597472    0  197.33
2024041118 UV   75597472    0    6.71
2024041118 WD   75597472    0  200.67
2024041119 UV   75597472    0    8.50
2024041119 WD   75597472    0  203.18
2024041120 UV   75597472    0    7.53
2024041120 WD   75597472    0  195.90
2024041121 UV   75597472    0    7.17
2024041121 WD   75597472    0  214.78
2024041122 UV   75597472    0    6.66
2024041122 WD   75597472    0  195.31
2024041123 UV   75597472    0    1.96
2024041123 WD   75597472    0  220.77
2024041200 UV   75597472    0    1.87
2024041200 WD   75597472    0  180.26
2024041201 UV   75597472    0    2.75
2024041201 WD   75597472    0  186.88
2024041202 UV   75597472    0    3.08
2024041202 WD   75597472    0  190.67
2024041203 UV   75597472    0    6.50
2024041203 WD   75597472    0  232.48
2024041204 UV   75597472    0    6.76
2024041204 WD   75597472    0  204.48
2024041205 UV   75597472    0    8.46
2024041205 WD   75597472    0  191.58
2024041206 UV   75597472    0   10.36
2024041206 WD   75597472    0  198.86
2024041207 UV   75597472    0   10.16
2024041207 WD   75597472    0  204.45
2024041208 UV   75597472    0    8.31
2024041208 WD   75597472    0  193.05
2024041209 UV   75597472    0    9.97
2024041209 WD   75597472    0  199.28
2024041210 UV   75597472    0    5.77
2024041210 WD   75597472    0  220.66
2024041211 UV   75597472    0    3.65
2024041211 WD   75597472    0  219.12
2024041212 UV   75597472    0    2.96
2024041212 WD   75597472    0  208.36
2024041213 UV   75597472    0    3.37
2024041213 WD   75597472    0  174.91
2024041214 UV   75597472    0    5.82
2024041214 WD   75597472    0  204.67
2024041215 UV   75597472    0   10.12
2024041215 WD   75597472    0  178.13
2024041216 UV   75597472    0   10.22
2024041216 WD   75597472    0  168.33
2024041217 UV   75597472    0   12.99
2024041217 WD   75597472    0  176.20
2024041218 UV   75597472    0   10.23
2024041218 WD   75597472    0  184.71
2024041219 UV   75597472    0    6.94
2024041219 WD   75597472    0  174.13
2024041220 UV   75597472    0    7.06
2024041220 WD   75597472    0  172.69
2024041221 UV   75597472    0   11.09
2024041221 WD   75597472    0  165.52
2024041222 UV   75597472    0    9.22
2024041222 WD   75597472    0  152.44
2024041223 UV   75597472    0   10.18
2024041223 WD   75597472    0  153.67
2024041300 UV   75597472    0   10.82
2024041300 WD   75597472    0  161.45
2024041301 UV   75597472    0   12.27
2024041301 WD   75597472    0  179.50
2024041302 UV   75597472    0   16.50
2024041302 WD   75597472    0  178.41
2024041303 UV   75597472    0   15.88
2024041303 WD   75597472    0  178.74
2024041304 UV   75597472    0   11.63
2024041304 WD   75597472    0  163.56
2024041305 UV   75597472    0   10.03
2024041305 WD   75597472    0  171.34
2024041306 UV   75597472    0    7.14
2024041306 WD   75597472    0  172.35
2024041307 UV   75597472    0   10.69
2024041307 WD   75597472    0  167.85
2024041308 UV   75597472    0    8.55
2024041308 WD   75597472    0  169.37
2024041309 UV   75597472    0   11.26
2024041309 WD   75597472    0  173.71
2024041310 UV   75597472    0    9.99
2024041310 WD   75597472    0  184.06
2024041311 UV   75597472    0    6.78
2024041311 WD   75597472    0  185.53
2024041312 UV   75597472    0    9.13
2024041312 WD   75597472    0  187.81
2024041313 UV   75597472    0    4.95
2024041313 WD   75597472    0  153.56
2024041314 UV   75597472    0    8.22
2024041314 WD   75597472    0  190.25
2024041315 UV   75597472    0   11.94
2024041315 WD   75597472    0  189.55
2024041316 UV   75597472    0   11.53
2024041316 WD   75597472    0  176.75
2024041317 UV   75597472    0    7.69
2024041317 WD   75597472    0  153.94
2024041318 UV   75597472    0    6.94
2024041318 WD   75597472    0  153.29
2024041319 UV   75597472    0    4.87
2024041319 WD   75597472    0  169.59
2024041320 UV   75597472    0    5.54
2024041320 WD   75597472    0  141.31
2024041321 UV   75597472    0    6.89
2024041321 WD   75597472    0  138.41
2024041322 UV   75597472    0    3.98
2024041322 WD   75597472    0  145.15
2024041323 UV   75597472    0    6.15
2024041323 WD   75597472    0  102.79
2024041400 UV   75597472    0    7.33
2024041400 WD   75597472    0  158.43
2024041401 UV   75597472    0    5.36
2024041401 WD   75597472    0  222.77
2024041402 UV   75597472    0    5.25
2024041402 WD   75597472    0  228.33
2024041403 UV   75597472    0    6.77
2024041403 WD   75597472    0  206.93
2024041404 UV   75597472    0    6.78
2024041404 WD   75597472    0  220.99
2024041405 UV   75597472    0    9.28
2024041405 WD   75597472    0  204.28
2024041406 UV   75597472    0    9.92
2024041406 WD   75597472    0  194.15
2024041407 UV   75597472    0    6.07
2024041407 WD   75597472    0  222.62
2024041408 UV   75597472    0    5.79
2024041408 WD   75597472    0  208.24
2024041409 UV   75597472    0    9.03
2024041409 WD   75597472    0  217.81
2024041410 UV   75597472    0    7.48
2024041410 WD   75597472    0  205.62
2024041411 UV   75597472    0    8.99
2024041411 WD   75597472    0  236.38
2024041412 UV   75597472    0    5.52
2024041412 WD   75597472    0  214.77
2024041413 UV   75597472    0    3.60
2024041413 WD   75597472    0  233.02
2024041414 UV   75597472    0    1.83
2024041414 WD   75597472    0  224.59
2024041415 UV   75597472    0    4.78
2024041415 WD   75597472    0   78.49
2024041416 UV   75597472    0    6.42
2024041416 WD   75597472    0   45.10
2024041417 UV   75597472    0   10.22
2024041417 WD   75597472    0   58.19
2024041418 UV   75597472    0    6.83
2024041418 WD   75597472    0   56.98
2024041419 UV   75597472    0    3.33
2024041419 WD   75597472    0   49.31
2024041420 UV   75597472    0    3.35
2024041420 WD   75597472    0   99.04
2024041421 UV   75597472    0    6.68
2024041421 WD   75597472    0   83.73
2024041422 UV   75597472    0    8.01
2024041422 WD   75597472    0   99.29
2024041423 UV   75597472    0    5.76
2024041423 WD   75597472    0  126.87
2024041500 UV   75597472    0    2.76
2024041500 WD   75597472    0  146.23
2024041501 UV   75597472    0    2.40
2024041501 WD   75597472    0  225.09
2024041502 UV   75597472    0    3.28
2024041502 WD   75597472    0  254.46
2024041503 UV   75597472    0    2.04
2024041503 WD   75597472    0  181.65
2024041504 UV   75597472    0    3.88
2024041504 WD   75597472    0  210.91
2024041505 UV   75597472    0    5.22
2024041505 WD   75597472    0  209.44
2024041506 UV   75597472    0    5.62
2024041506 WD   75597472    0  216.12
2024041507 UV   75597472    0    6.91
2024041507 WD   75597472    0  218.03
2024041508 UV   75597472    0    7.69
2024041508 WD   75597472    0  218.02
2024041509 UV   75597472    0    6.55
2024041509 WD   75597472    0  217.51
2024041510 UV   75597472    0    6.32
2024041510 WD   75597472    0  232.91
2024041511 UV   75597472    0    7.35
2024041511 WD   75597472    0  220.97
2024041512 UV   75597472    0    7.16
2024041512 WD   75597472    0  211.23
2024041513 UV   75597472    0    6.78
2024041513 WD   75597472    0  185.47
2024041514 UV   75597472    0    6.80
2024041514 WD   75597472    0  162.82
2024041515 UV   75597472    0    7.31
2024041515 WD   75597472    0  170.03
2024041516 UV   75597472    0    4.97
2024041516 WD   75597472    0  197.34
2024041517 UV   75597472    0    7.97
2024041517 WD   75597472    0  207.83
2024041518 UV   75597472    0    3.93
2024041518 WD   75597472    0  206.47
2024041519 UV   75597472    0    2.88
2024041519 WD   75597472    0  299.41
2024041520 UV   75597472    0    3.58
2024041520 WD   75597472    0  285.11
2024041521 UV   75597472    0    8.09
2024041521 WD   75597472    0  327.16
2024041522 UV   75597472    0    2.04
2024041522 WD   75597472    0   20.48
2024041523 UV   75597472    0    1.81
2024041523 WD   75597472    0  341.10
2024041600 UV   75597472    0    3.00
2024041600 WD   75597472    0  351.27
2024041601 UV   75597472    0    1.44
2024041601 WD   75597472    0  338.62
2024041602 UV   75597472    0    0.90
2024041602 WD   75597472    0   27.42
2024041603 UV   75597472    0    0.29
2024041603 WD   75597472    0  241.95
2024041604 UV   75597472    0    3.12
2024041604 WD   75597472    0  284.42
2024041605 UV   75597472    0    3.77
2024041605 WD   75597472    0  228.76
2024041606 UV   75597472    0    1.49
2024041606 WD   75597472    0  250.97
2024041607 UV   75597472    0    3.12
2024041607 WD   75597472    0  216.25
2024041608 UV   75597472    0    4.76
2024041608 WD   75597472    0  207.50
2024041609 UV   75597472    0    3.93
2024041609 WD   75597472    0  197.62
2024041610 UV   75597472    0    5.02
2024041610 WD   75597472    0  209.78
2024041611 UV   75597472    0    5.77
2024041611 WD   75597472    0  214.71
2024041612 UV   75597472    0    4.32
2024041612 WD   75597472    0  204.31
2024041613 UV   75597472    0    2.64
2024041613 WD   75597472    0  126.67
2024041614 UV   75597472    0    7.96
2024041614 WD   75597472    0  119.68
2024041615 UV   75597472    0    9.85
2024041615 WD   75597472    0  120.13
2024041616 UV   75597472    0    9.63
2024041616 WD   75597472    0  123.92
2024041617 UV   75597472    0   10.78
2024041617 WD   75597472    0  160.55
2024041618 UV   75597472    0    9.63
2024041618 WD   75597472    0  163.48
2024041619 UV   75597472    0    5.56
2024041619 WD   75597472    0  111.14
2024041620 UV   75597472    0    6.08
2024041620 WD   75597472    0  348.56
2024041621 UV   75597472    0    2.90
2024041621 WD   75597472    0  349.77
2024041622 UV   75597472    0    2.42
2024041622 WD   75597472    0  278.88
2024041623 UV   75597472    0    4.94
2024041623 WD   75597472    0  318.18
2024041700 UV   75597472    0    6.95
2024041700 WD   75597472    0  322.19
2024041701 UV   75597472    0    4.27
2024041701 WD   75597472    0  318.93
2024041702 UV   75597472    0    7.43
2024041702 WD   75597472    0  331.75
2024041703 UV   75597472    0    7.74
2024041703 WD   75597472    0  311.81
2024041704 UV   75597472    0    7.37
2024041704 WD   75597472    0  298.63
2024041705 UV   75597472    0    8.00
2024041705 WD   75597472    0  290.09
2024041706 UV   75597472    0    8.30
2024041706 WD   75597472    0  301.83
2024041707 UV   75597472    0    8.27
2024041707 WD   75597472    0  303.76
2024041708 UV   75597472    0    8.75
2024041708 WD   75597472    0  306.51
2024041709 UV   75597472    0    9.57
2024041709 WD   75597472    0  311.79
2024041710 UV   75597472    0   11.43
2024041710 WD   75597472    0  300.15
2024041711 UV   75597472    0   13.86
2024041711 WD   75597472    0  307.19
2024041712 UV   75597472    0   11.48
2024041712 WD   75597472    0  318.73
2024041713 UV   75597472    0   12.80
2024041713 WD   75597472    0  323.46
2024041714 UV   75597472    0   14.41
2024041714 WD   75597472    0  331.87
2024041715 UV   75597472    0   12.40
2024041715 WD   75597472    0  310.41
2024041716 UV   75597472    0   12.41
2024041716 WD   75597472    0  314.07
2024041717 UV   75597472    0   11.79
2024041717 WD   75597472    0  305.51
2024041718 UV   75597472    0   13.13
2024041718 WD   75597472    0  296.66
2024041719 UV   75597472    0   11.68
2024041719 WD   75597472    0  303.43
2024041720 UV   75597472    0   13.52
2024041720 WD   75597472    0  308.62
2024041721 UV   75597472    0   14.02
2024041721 WD   75597472    0  312.53
2024041722 UV   75597472    0   13.32
2024041722 WD   75597472    0  302.27
2024041723 UV   75597472    0   13.11
2024041723 WD   75597472    0  293.70
2024041800 UV   75597472    0   12.38
2024041800 WD   75597472    0  296.68
2024041801 UV   75597472    0   11.05
2024041801 WD   75597472    0  303.60
2024041802 UV   75597472    0    7.46
2024041802 WD   75597472    0  303.23
2024041803 UV   75597472    0    6.22
2024041803 WD   75597472    0  322.81
2024041804 UV   75597472    0    4.74
2024041804 WD   75597472    0  336.10
2024041805 UV   75597472    0    3.87
2024041805 WD   75597472    0  323.16
2024041806 UV   75597472    0    4.82
2024041806 WD   75597472    0  329.34
2024041807 UV   75597472    0    8.16
2024041807 WD   75597472    0  336.67
2024041808 UV   75597472    0    6.50
2024041808 WD   75597472    0  323.38
2024041809 UV   75597472    0    6.22
2024041809 WD   75597472    0  330.04
2024041810 UV   75597472    0    8.41
2024041810 WD   75597472    0  335.06
2024041811 UV   75597472    0   10.03
2024041811 WD   75597472    0  348.52
2024041812 UV   75597472    0    9.40
2024041812 WD   75597472    0  350.35
2024041813 UV   75597472    0    9.48
2024041813 WD   75597472    0  345.17
2024041814 UV   75597472    0    8.30
2024041814 WD   75597472    0  346.34
2024041815 UV   75597472    0    8.33
2024041815 WD   75597472    0  342.25
2024041816 UV   75597472    0    8.76
2024041816 WD   75597472    0  344.78
2024041817 UV   75597472    0    7.02
2024041817 WD   75597472    0  334.58
2024041818 UV   75597472    0    8.25
2024041818 WD   75597472    0  346.21
2024041819 UV   75597472    0    7.52
2024041819 WD   75597472    0  335.19
2024041820 UV   75597472    0    8.25
2024041820 WD   75597472    0  311.21
2024041821 UV   75597472    0    6.85
2024041821 WD   75597472    0  309.45
2024041822 UV   75597472    0    4.67
2024041822 WD   75597472    0  296.13
2024041823 UV   75597472    0    4.82
2024041823 WD   75597472    0  288.43
2024041900 UV   75597472    0    7.43
2024041900 WD   75597472    0  297.33
2024041901 UV   75597472    0    5.95
2024041901 WD   75597472    0  308.27
2024041902 UV   75597472    0    7.43
2024041902 WD   75597472    0  290.25
2024041903 UV   75597472    0    7.50
2024041903 WD   75597472    0  301.60
2024041904 UV   75597472    0    5.90
2024041904 WD   75597472    0  292.13
2024041905 UV   75597472    0    4.98
2024041905 WD   75597472    0  290.42
2024041906 UV   75597472    0    5.70
2024041906 WD   75597472    0  293.02
2024041907 UV   75597472    0    3.73
2024041907 WD   75597472    0  310.26
2024041908 UV   75597472    0    1.52
2024041908 WD   75597472    0  317.36
2024041909 UV   75597472    0    0.81
2024041909 WD   75597472    0   42.50
2024041910 UV   75597472    0    0.73
2024041910 WD   75597472    0  216.85
2024041911 UV   75597472    0    2.09
2024041911 WD   75597472    0  173.77
2024041912 UV   75597472    0    3.54
2024041912 WD   75597472    0  143.33
2024041913 UV   75597472    0    6.14
2024041913 WD   75597472    0  127.08
2024041914 UV   75597472    0    7.87
2024041914 WD   75597472    0  128.01
2024041915 UV   75597472    0    8.55
2024041915 WD   75597472    0  123.25
2024041916 UV   75597472    0    8.09
2024041916 WD   75597472    0  120.23
2024041917 UV   75597472    0    7.66
2024041917 WD   75597472    0  113.32
2024041918 UV   75597472    0    7.32
2024041918 WD   75597472    0  128.48
2024041919 UV   75597472    0    9.08
2024041919 WD   75597472    0  160.23
2024041920 UV   75597472    0    7.30
2024041920 WD   75597472    0  138.81
2024041921 UV   75597472    0    9.66
2024041921 WD   75597472    0  132.84
2024041922 UV   75597472    0   11.18
2024041922 WD   75597472    0  172.87
2024041923 UV   75597472    0   10.70
2024041923 WD   75597472    0  177.66
2024042000 UV   75597472    0    9.84
2024042000 WD   75597472    0  196.36
2024042001 UV   75597472    0    8.02
2024042001 WD   75597472    0  182.53
2024042002 UV   75597472    0    9.83
2024042002 WD   75597472    0  187.57
2024042003 UV   75597472    0   10.86
2024042003 WD   75597472    0  183.01
2024042004 UV   75597472    0    7.94
2024042004 WD   75597472    0  182.20
2024042005 UV   75597472    0    8.23
2024042005 WD   75597472    0  185.65
2024042006 UV   75597472    0   10.78
2024042006 WD   75597472    0  190.70
2024042007 UV   75597472    0    5.91
2024042007 WD   75597472    0  158.67
2024042008 UV   75597472    0    7.20
2024042008 WD   75597472    0  177.01
2024042009 UV   75597472    0    6.93
2024042009 WD   75597472    0  205.35
2024042010 UV   75597472    0   12.86
2024042010 WD   75597472    0  224.63
2024042011 UV   75597472    0   14.59
2024042011 WD   75597472    0  228.34
2024042012 UV   75597472    0   12.30
2024042012 WD   75597472    0  215.98
2024042013 UV   75597472    0   10.36
2024042013 WD   75597472    0  227.06
2024042014 UV   75597472    0    9.98
2024042014 WD   75597472    0  209.95
2024042015 UV   75597472    0   11.04
2024042015 WD   75597472    0  208.84
2024042016 UV   75597472    0   13.34
2024042016 WD   75597472    0  209.55
2024042017 UV   75597472    0   13.89
2024042017 WD   75597472    0  208.28
2024042018 UV   75597472    0   10.41
2024042018 WD   75597472    0  190.04
2024042019 UV   75597472    0    5.09
2024042019 WD   75597472    0  194.72
2024042020 UV   75597472    0    2.48
2024042020 WD   75597472    0  194.07
2024042021 UV   75597472    0    8.01
2024042021 WD   75597472    0  184.89
2024042022 UV   75597472    0    5.61
2024042022 WD   75597472    0  193.67
2024042023 UV   75597472    0    5.14
2024042023 WD   75597472    0  230.67
2024042100 UV   75597472    0    4.76
2024042100 WD   75597472    0  347.20
2024042101 UV   75597472    0    0.99
2024042101 WD   75597472    0  109.86
2024042102 UV   75597472    0    3.48
2024042102 WD   75597472    0  240.82
2024042103 UV   75597472    0    6.93
2024042103 WD   75597472    0  252.69
2024042104 UV   75597472    0    5.22
2024042104 WD   75597472    0  239.50
2024042105 UV   75597472    0    8.55
2024042105 WD   75597472    0  259.80
2024042106 UV   75597472    0    7.29
2024042106 WD   75597472    0  273.93
2024042107 UV   75597472    0    6.04
2024042107 WD   75597472    0  272.32
2024042108 UV   75597472    0    7.65
2024042108 WD   75597472    0  261.21
2024042109 UV   75597472    0    8.60
2024042109 WD   75597472    0  271.40
2024042110 UV   75597472    0    8.51
2024042110 WD   75597472    0  274.07
2024042111 UV   75597472    0    8.46
2024042111 WD   75597472    0  253.56
2024042112 UV   75597472    0    7.28
2024042112 WD   75597472    0  242.27
2024042113 UV   75597472    0    4.24
2024042113 WD   75597472    0  255.31
2024042114 UV   75597472    0    3.03
2024042114 WD   75597472    0  329.61
2024042115 UV   75597472    0    5.46
2024042115 WD   75597472    0  333.06
2024042116 UV   75597472    0    5.69
2024042116 WD   75597472    0  334.23
2024042117 UV   75597472    0    6.31
2024042117 WD   75597472    0   35.07
2024042118 UV   75597472    0    7.80
2024042118 WD   75597472    0   28.08
2024042119 UV   75597472    0    5.08
2024042119 WD   75597472    0   12.07
2024042120 UV   75597472    0    2.05
2024042120 WD   75597472    0   58.93
2024042121 UV   75597472    0    5.62
2024042121 WD   75597472    0  125.00
2024042122 UV   75597472    0    5.57
2024042122 WD   75597472    0   94.33
2024042123 UV   75597472    0    5.64
2024042123 WD   75597472    0  113.04
2024042200 UV   75597472    0    5.58
2024042200 WD   75597472    0  138.74
2024042201 UV   75597472    0    5.30
2024042201 WD   75597472    0  155.42
2024042202 UV   75597472    0    5.31
2024042202 WD   75597472    0  172.64
2024042203 UV   75597472    0    4.80
2024042203 WD   75597472    0  186.14
2024042204 UV   75597472    0    3.87
2024042204 WD   75597472    0  151.32
2024042205 UV   75597472    0    4.24
2024042205 WD   75597472    0  177.05
2024042206 UV   75597472    0    5.00
2024042206 WD   75597472    0  209.46
2024042207 UV   75597472    0    5.41
2024042207 WD   75597472    0  206.85
2024042208 UV   75597472    0    6.12
2024042208 WD   75597472    0  223.80
2024042209 UV   75597472    0    7.05
2024042209 WD   75597472    0  204.41
2024042210 UV   75597472    0    6.62
2024042210 WD   75597472    0  220.63
2024042211 UV   75597472    0    7.65
2024042211 WD   75597472    0  248.73
2024042212 UV   75597472    0   13.50
2024042212 WD   75597472    0  303.88
2024042213 UV   75597472    0   13.33
2024042213 WD   75597472    0  286.29
2024042214 UV   75597472    0   15.34
2024042214 WD   75597472    0  289.79
2024042215 UV   75597472    0   17.42
2024042215 WD   75597472    0  276.73
2024042216 UV   75597472    0   17.17
2024042216 WD   75597472    0  275.59
2024042217 UV   75597472    0   19.32
2024042217 WD   75597472    0  272.03
2024042218 UV   75597472    0   19.31
2024042218 WD   75597472    0  282.93
2024042219 UV   75597472    0   19.48
2024042219 WD   75597472    0  276.16
2024042220 UV   75597472    0   19.28
2024042220 WD   75597472    0  276.15
2024042221 UV   75597472    0   17.22
2024042221 WD   75597472    0  283.57
2024042222 UV   75597472    0   16.42
2024042222 WD   75597472    0  279.59
2024042223 UV   75597472    0   15.70
2024042223 WD   75597472    0  279.59
2024042300 UV   75597472    0   14.77
2024042300 WD   75597472    0  273.82
2024042301 UV   75597472    0   14.17
2024042301 WD   75597472    0  270.02
2024042302 UV   75597472    0   11.31
2024042302 WD   75597472    0  266.51
2024042303 UV   75597472    0   11.24
2024042303 WD   75597472    0  268.55
2024042304 UV   75597472    0   10.20
2024042304 WD   75597472    0  271.37
2024042305 UV   75597472    0    8.59
2024042305 WD   75597472    0  267.59
2024042306 UV   75597472    0    7.25
2024042306 WD   75597472    0  265.78
2024042307 UV   75597472    0    6.89
2024042307 WD   75597472    0  246.15
2024042308 UV   75597472    0    8.59
2024042308 WD   75597472    0  257.65
2024042309 UV   75597472    0    6.89
2024042309 WD   75597472    0  248.10
2024042310 UV   75597472    0    6.29
2024042310 WD   75597472    0  221.56
2024042311 UV   75597472    0    5.23
2024042311 WD   75597472    0  211.67
2024042312 UV   75597472    0    6.12
2024042312 WD   75597472    0  176.27
2024042313 UV   75597472    0    8.72
2024042313 WD   75597472    0  182.69
2024042314 UV   75597472    0   16.23
2024042314 WD   75597472    0  219.61
2024042315 UV   75597472    0   14.08
2024042315 WD   75597472    0  201.92
2024042316 UV   75597472    0   11.02
2024042316 WD   75597472    0  204.58
2024042317 UV   75597472    0   12.66
2024042317 WD   75597472    0  192.68
2024042318 UV   75597472    0   14.19
2024042318 WD   75597472    0  194.64
2024042319 UV   75597472    0   13.48
2024042319 WD   75597472    0  196.39
2024042320 UV   75597472    0   13.97
2024042320 WD   75597472    0  186.40
2024042321 UV   75597472    0   15.76
2024042321 WD   75597472    0  192.07
2024042322 UV   75597472    0   13.87
2024042322 WD   75597472    0  194.48
2024042323 UV   75597472    0   16.09
2024042323 WD   75597472    0  212.49
2024042400 UV   75597472    0   13.32
2024042400 WD   75597472    0  214.87
2024042401 UV   75597472    0    8.10
2024042401 WD   75597472    0  217.92
2024042402 UV   75597472    0   18.18
2024042402 WD   75597472    0  212.82
2024042403 UV   75597472    0   15.70
2024042403 WD   75597472    0  206.05
2024042404 UV   75597472    0   20.18
2024042404 WD   75597472    0  212.40
2024042405 UV   75597472    0   13.58
2024042405 WD   75597472    0  201.20
2024042406 UV   75597472    0   11.59
2024042406 WD   75597472    0  212.09
2024042407 UV   75597472    0   14.77
2024042407 WD   75597472    0  220.23
2024042408 UV   75597472    0   16.71
2024042408 WD   75597472    0  207.58
2024042409 UV   75597472    0   20.40
2024042409 WD   75597472    0  205.89
2024042410 UV   75597472    0   22.82
2024042410 WD   75597472    0  216.26
2024042411 UV   75597472    0   21.95
2024042411 WD   75597472    0  218.08
2024042412 UV   75597472    0   18.42
2024042412 WD   75597472    0  218.94
2024042413 UV   75597472    0   16.39
2024042413 WD   75597472    0  221.74
2024042414 UV   75597472    0   13.46
2024042414 WD   75597472    0  214.36
2024042415 UV   75597472    0    5.54
2024042415 WD   75597472    0  226.81
2024042416 UV   75597472    0    6.11
2024042416 WD   75597472    0  187.44
2024042417 UV   75597472    0    5.76
2024042417 WD   75597472    0  191.87
2024042418 UV   75597472    0    7.64
2024042418 WD   75597472    0  156.89
2024042419 UV   75597472    0    9.52
2024042419 WD   75597472    0  151.65
2024042420 UV   75597472    0    5.56
2024042420 WD   75597472    0  128.61
2024042421 UV   75597472    0    6.12
2024042421 WD   75597472    0  124.56
2024042422 UV   75597472    0    8.58
2024042422 WD   75597472    0  123.91
2024042423 UV   75597472    0    7.72
2024042423 WD   75597472    0  118.85
2024042500 UV   75597472    0    5.29
2024042500 WD   75597472    0  119.73
2024042501 UV   75597472    0    3.29
2024042501 WD   75597472    0  123.06
2024042502 UV   75597472    0    4.61
2024042502 WD   75597472    0   69.16
2024042503 UV   75597472    0    4.01
2024042503 WD   75597472    0   35.39
2024042504 UV   75597472    0    5.36
2024042504 WD   75597472    0   18.39
2024042505 UV   75597472    0    5.41
2024042505 WD   75597472    0  339.72
2024042506 UV   75597472    0    6.68
2024042506 WD   75597472    0  285.72
2024042507 UV   75597472    0    7.45
2024042507 WD   75597472    0  288.50
2024042508 UV   75597472    0   10.53
2024042508 WD   75597472    0  281.32
2024042509 UV   75597472    0   12.21
2024042509 WD   75597472    0  277.61
2024042510 UV   75597472    0   15.03
2024042510 WD   75597472    0  277.45
2024042511 UV   75597472    0   20.11
2024042511 WD   75597472    0  277.50
2024042512 UV   75597472    0   23.73
2024042512 WD   75597472    0  288.74
2024042513 UV   75597472    0   23.83
2024042513 WD   75597472    0  292.02
2024042514 UV   75597472    0   27.57
2024042514 WD   75597472    0  291.93
2024042515 UV   75597472    0   24.73
2024042515 WD   75597472    0  291.94
2024042516 UV   75597472    0   22.93
2024042516 WD   75597472    0  288.23
2024042517 UV   75597472    0   20.97
2024042517 WD   75597472    0  293.45
2024042518 UV   75597472    0   20.69
2024042518 WD   75597472    0  287.24
2024042519 UV   75597472    0   18.16
2024042519 WD   75597472    0  294.54
2024042520 UV   75597472    0   17.47
2024042520 WD   75597472    0  293.80
2024042521 UV   75597472    0   19.23
2024042521 WD   75597472    0  288.83
2024042522 UV   75597472    0   16.03
2024042522 WD   75597472    0  291.41
2024042523 UV   75597472    0   14.82
2024042523 WD   75597472    0  292.75
2024042600 UV   75597472    0   12.55
2024042600 WD   75597472    0  298.42
2024042601 UV   75597472    0   12.87
2024042601 WD   75597472    0  295.38
2024042602 UV   75597472    0   11.24
2024042602 WD   75597472    0  304.20
2024042603 UV   75597472    0   12.90
2024042603 WD   75597472    0  312.66
2024042604 UV   75597472    0   11.23
2024042604 WD   75597472    0  313.06
2024042605 UV   75597472    0   10.95
2024042605 WD   75597472    0  316.35
2024042606 UV   75597472    0    9.41
2024042606 WD   75597472    0  309.43
2024042607 UV   75597472    0    9.03
2024042607 WD   75597472    0  311.02
2024042608 UV   75597472    0    9.78
2024042608 WD   75597472    0  307.30
2024042609 UV   75597472    0    9.83
2024042609 WD   75597472    0  309.31
2024042610 UV   75597472    0    8.07
2024042610 WD   75597472    0  303.18
2024042611 UV   75597472    0    9.58
2024042611 WD   75597472    0  302.02
2024042612 UV   75597472    0   10.73
2024042612 WD   75597472    0  318.87
2024042613 UV   75597472    0   14.53
2024042613 WD   75597472    0  315.14
2024042614 UV   75597472    0   13.74
2024042614 WD   75597472    0  310.41
2024042615 UV   75597472    0   12.95
2024042615 WD   75597472    0  314.94
2024042616 UV   75597472    0   12.93
2024042616 WD   75597472    0  326.52
2024042617 UV   75597472    0   15.34
2024042617 WD   75597472    0  318.94
2024042618 UV   75597472    0   13.87
2024042618 WD   75597472    0  324.52
2024042619 UV   75597472    0   13.79
2024042619 WD   75597472    0  324.74
2024042620 UV   75597472    0   13.21
2024042620 WD   75597472    0  325.75
2024042621 UV   75597472    0   11.19
2024042621 WD   75597472    0  322.36
2024042622 UV   75597472    0    7.53
2024042622 WD   75597472    0  322.20
2024042623 UV   75597472    0    8.11
2024042623 WD   75597472    0  310.42
2024042700 UV   75597472    0    7.47
2024042700 WD   75597472    0  285.01
2024042701 UV   75597472    0    7.29
2024042701 WD   75597472    0  269.39
2024042702 UV   75597472    0    7.22
2024042702 WD   75597472    0  261.70
2024042703 UV   75597472    0    7.69
2024042703 WD   75597472    0  286.36
2024042704 UV   75597472    0    7.45
2024042704 WD   75597472    0  262.12
2024042705 UV   75597472    0    6.27
2024042705 WD   75597472    0  283.96
2024042706 UV   75597472    0    7.83
2024042706 WD   75597472    0  301.90
2024042707 UV   75597472    0    5.78
2024042707 WD   75597472    0  289.26
2024042708 UV   75597472    0    6.74
2024042708 WD   75597472    0  279.55
2024042709 UV   75597472    0    5.02
2024042709 WD   75597472    0  273.07
2024042710 UV   75597472    0    4.44
2024042710 WD   75597472    0  262.64
2024042711 UV   75597472    0    4.73
2024042711 WD   75597472    0  276.79
2024042712 UV   75597472    0    2.91
2024042712 WD   75597472    0  298.17
2024042713 UV   75597472    0    1.35
2024042713 WD   75597472    0    9.58
2024042714 UV   75597472    0    1.48
2024042714 WD   75597472    0    5.50
2024042715 UV   75597472    0    5.54
2024042715 WD   75597472    0   74.67
2024042716 UV   75597472    0    4.63
2024042716 WD   75597472    0   81.81
2024042717 UV   75597472    0    6.29
2024042717 WD   75597472    0   82.09
2024042718 UV   75597472    0    9.49
2024042718 WD   75597472    0   87.81
2024042719 UV   75597472    0    9.62
2024042719 WD   75597472    0   97.59
2024042720 UV   75597472    0    8.13
2024042720 WD   75597472    0  119.65
2024042721 UV   75597472    0    5.70
2024042721 WD   75597472    0  133.87
2024042722 UV   75597472    0    6.33
2024042722 WD   75597472    0  164.71
2024042723 UV   75597472    0    8.91
2024042723 WD   75597472    0  201.16
2024042800 UV   75597472    0    8.66
2024042800 WD   75597472    0  220.82
2024042801 UV   75597472    0   10.85
2024042801 WD   75597472    0  224.17
2024042802 UV   75597472    0   11.94
2024042802 WD   75597472    0  232.38
2024042803 UV   75597472    0   12.83
2024042803 WD   75597472    0  216.84
2024042804 UV   75597472    0   14.51
2024042804 WD   75597472    0  226.86
2024042805 UV   75597472    0   15.37
2024042805 WD   75597472    0  226.55
2024042806 UV   75597472    0   11.48
2024042806 WD   75597472    0  223.08
2024042807 UV   75597472    0   11.47
2024042807 WD   75597472    0  224.49
2024042808 UV   75597472    0   12.41
2024042808 WD   75597472    0  225.07
2024042809 UV   75597472    0   12.81
2024042809 WD   75597472    0  218.69
2024042810 UV   75597472    0   12.04
2024042810 WD   75597472    0  221.31
2024042811 UV   75597472    0   10.86
2024042811 WD   75597472    0  216.51
2024042812 UV   75597472    0   11.59
2024042812 WD   75597472    0  205.46
2024042813 UV   75597472    0    9.76
2024042813 WD   75597472    0  193.55
2024042814 UV   75597472    0    8.91
2024042814 WD   75597472    0  192.62
2024042815 UV   75597472    0    8.85
2024042815 WD   75597472    0  179.87
2024042816 UV   75597472    0    9.88
2024042816 WD   75597472    0  172.68
2024042817 UV   75597472    0    8.98
2024042817 WD   75597472    0  206.69
2024042818 UV   75597472    0    9.48
2024042818 WD   75597472    0  175.46
2024042819 UV   75597472    0    9.74
2024042819 WD   75597472    0  203.03
2024042820 UV   75597472    0    7.42
2024042820 WD   75597472    0  142.69
2024042821 UV   75597472    0    6.23
2024042821 WD   75597472    0  132.36
2024042822 UV   75597472    0    7.69
2024042822 WD   75597472    0  176.64
2024042823 UV   75597472    0    4.75
2024042823 WD   75597472    0  155.10
2024042900 UV   75597472    0    3.13
2024042900 WD   75597472    0  210.97
2024042901 UV   75597472    0    4.82
2024042901 WD   75597472    0  204.84
2024042902 UV   75597472    0    4.42
2024042902 WD   75597472    0  193.30
2024042903 UV   75597472    0    7.09
2024042903 WD   75597472    0  185.29
2024042904 UV   75597472    0    5.55
2024042904 WD   75597472    0  189.55
2024042905 UV   75597472    0    6.41
2024042905 WD   75597472    0  204.54
2024042906 UV   75597472    0    5.02
2024042906 WD   75597472    0  202.06
2024042907 UV   75597472    0    2.19
2024042907 WD   75597472    0  225.50
2024042908 UV   75597472    0    2.18
2024042908 WD   75597472    0  139.51
2024042909 UV   75597472    0    0.68
2024042909 WD   75597472    0  142.00
2024042910 UV   75597472    0    0.97
2024042910 WD   75597472    0   35.05
2024042911 UV   75597472    0    4.99
2024042911 WD   75597472    0  347.47
2024042912 UV   75597472    0   10.31
2024042912 WD   75597472    0  309.98
2024042913 UV   75597472    0   11.85
2024042913 WD   75597472    0  322.58
2024042914 UV   75597472    0   10.52
2024042914 WD   75597472    0  327.97
2024042915 UV   75597472    0   10.48
2024042915 WD   75597472    0  319.74
2024042916 UV   75597472    0   14.10
2024042916 WD   75597472    0  313.80
2024042917 UV   75597472    0   17.48
2024042917 WD   75597472    0  320.49
2024042918 UV   75597472    0   16.79
2024042918 WD   75597472    0  322.64
2024042919 UV   75597472    0   18.50
2024042919 WD   75597472    0  322.28
2024042920 UV   75597472    0   18.00
2024042920 WD   75597472    0  322.67
2024042921 UV   75597472    0   15.51
2024042921 WD   75597472    0  319.64
2024042922 UV   75597472    0   16.21
2024042922 WD   75597472    0  321.96
2024042923 UV   75597472    0   16.79
2024042923 WD   75597472    0  329.59
2024043000 UV   75597472    0   16.96
2024043000 WD   75597472    0  330.07
2024043001 UV   75597472    0   18.62
2024043001 WD   75597472    0  328.73
2024043002 UV   75597472    0   17.11
2024043002 WD   75597472    0  330.42
2024043003 UV   75597472    0   18.20
2024043003 WD   75597472    0  329.46
2024043004 UV   75597472    0   17.30
2024043004 WD   75597472    0  324.27
2024043005 UV   75597472    0   16.44
2024043005 WD   75597472    0  316.77
2024043006 UV   75597472    0   15.50
2024043006 WD   75597472    0  324.95
2024043007 UV   75597472    0   14.94
2024043007 WD   75597472    0  327.06
2024043008 UV   75597472    0   16.69
2024043008 WD   75597472    0  333.21
2024043009 UV   75597472    0   16.08
2024043009 WD   75597472    0  331.77
2024043010 UV   75597472    0   19.26
2024043010 WD   75597472    0  341.40
2024043011 UV   75597472    0   19.05
2024043011 WD   75597472    0  337.37
2024043012 UV   75597472    0   18.13
2024043012 WD   75597472    0  336.03
2024043013 UV   75597472    0   17.10
2024043013 WD   75597472    0  338.24
2024043014 UV   75597472    0   15.77
2024043014 WD   75597472    0  337.32
2024043015 UV   75597472    0   15.93
2024043015 WD   75597472    0  335.19
2024043016 UV   75597472    0   12.49
2024043016 WD   75597472    0  339.72
2024043017 UV   75597472    0   13.76
2024043017 WD   75597472    0  333.95
2024043018 UV   75597472    0   13.27
2024043018 WD   75597472    0  335.42
2024043019 UV   75597472    0   12.38
2024043019 WD   75597472    0  337.36
2024043020 UV   75597472    0   11.79
2024043020 WD   75597472    0  325.99
2024043021 UV   75597472    0   11.71
2024043021 WD   75597472    0  312.03
2024043022 UV   75597472    0   11.89
2024043022 WD   75597472    0  300.92
2024043023 UV   75597472    0   10.60
2024043023 WD   75597472    0  298.42
